data/LR/outleft/0001.png,data/LR/depthmap/0001.png
data/LR/outleft/0002.png,data/LR/depthmap/0002.png
data/LR/outleft/0003.png,data/LR/depthmap/0003.png
data/LR/outleft/0004.png,data/LR/depthmap/0004.png
data/LR/outleft/0005.png,data/LR/depthmap/0005.png
data/LR/outleft/0006.png,data/LR/depthmap/0006.png
data/LR/outleft/0007.png,data/LR/depthmap/0007.png
data/LR/outleft/0008.png,data/LR/depthmap/0008.png
data/LR/outleft/0009.png,data/LR/depthmap/0009.png
data/LR/outleft/0010.png,data/LR/depthmap/0010.png
data/LR/outleft/0011.png,data/LR/depthmap/0011.png
data/LR/outleft/0012.png,data/LR/depthmap/0012.png
data/LR/outleft/0013.png,data/LR/depthmap/0013.png
data/LR/outleft/0014.png,data/LR/depthmap/0014.png
data/LR/outleft/0015.png,data/LR/depthmap/0015.png
data/LR/outleft/0016.png,data/LR/depthmap/0016.png
data/LR/outleft/0017.png,data/LR/depthmap/0017.png
data/LR/outleft/0018.png,data/LR/depthmap/0018.png
data/LR/outleft/0019.png,data/LR/depthmap/0019.png
data/LR/outleft/0020.png,data/LR/depthmap/0020.png
data/LR/outleft/0021.png,data/LR/depthmap/0021.png
data/LR/outleft/0022.png,data/LR/depthmap/0022.png
data/LR/outleft/0023.png,data/LR/depthmap/0023.png
data/LR/outleft/0024.png,data/LR/depthmap/0024.png
data/LR/outleft/0025.png,data/LR/depthmap/0025.png
data/LR/outleft/0026.png,data/LR/depthmap/0026.png
data/LR/outleft/0027.png,data/LR/depthmap/0027.png
data/LR/outleft/0028.png,data/LR/depthmap/0028.png
data/LR/outleft/0029.png,data/LR/depthmap/0029.png
data/LR/outleft/0030.png,data/LR/depthmap/0030.png
data/LR/outleft/0031.png,data/LR/depthmap/0031.png
data/LR/outleft/0032.png,data/LR/depthmap/0032.png
data/LR/outleft/0033.png,data/LR/depthmap/0033.png
data/LR/outleft/0034.png,data/LR/depthmap/0034.png
data/LR/outleft/0035.png,data/LR/depthmap/0035.png
data/LR/outleft/0036.png,data/LR/depthmap/0036.png
data/LR/outleft/0037.png,data/LR/depthmap/0037.png
data/LR/outleft/0038.png,data/LR/depthmap/0038.png
data/LR/outleft/0039.png,data/LR/depthmap/0039.png
data/LR/outleft/0040.png,data/LR/depthmap/0040.png
data/LR/outleft/0041.png,data/LR/depthmap/0041.png
data/LR/outleft/0042.png,data/LR/depthmap/0042.png
data/LR/outleft/0043.png,data/LR/depthmap/0043.png
data/LR/outleft/0044.png,data/LR/depthmap/0044.png
data/LR/outleft/0045.png,data/LR/depthmap/0045.png
data/LR/outleft/0046.png,data/LR/depthmap/0046.png
data/LR/outleft/0047.png,data/LR/depthmap/0047.png
data/LR/outleft/0048.png,data/LR/depthmap/0048.png
data/LR/outleft/0049.png,data/LR/depthmap/0049.png
data/LR/outleft/0050.png,data/LR/depthmap/0050.png
data/LR/outleft/0051.png,data/LR/depthmap/0051.png
data/LR/outleft/0052.png,data/LR/depthmap/0052.png
data/LR/outleft/0053.png,data/LR/depthmap/0053.png
data/LR/outleft/0054.png,data/LR/depthmap/0054.png
data/LR/outleft/0055.png,data/LR/depthmap/0055.png
data/LR/outleft/0056.png,data/LR/depthmap/0056.png
data/LR/outleft/0057.png,data/LR/depthmap/0057.png
data/LR/outleft/0058.png,data/LR/depthmap/0058.png
data/LR/outleft/0059.png,data/LR/depthmap/0059.png
data/LR/outleft/0060.png,data/LR/depthmap/0060.png
data/LR/outleft/0061.png,data/LR/depthmap/0061.png
data/LR/outleft/0062.png,data/LR/depthmap/0062.png
data/LR/outleft/0063.png,data/LR/depthmap/0063.png
data/LR/outleft/0064.png,data/LR/depthmap/0064.png
data/LR/outleft/0065.png,data/LR/depthmap/0065.png
data/LR/outleft/0066.png,data/LR/depthmap/0066.png
data/LR/outleft/0067.png,data/LR/depthmap/0067.png
data/LR/outleft/0068.png,data/LR/depthmap/0068.png
data/LR/outleft/0069.png,data/LR/depthmap/0069.png
data/LR/outleft/0070.png,data/LR/depthmap/0070.png
data/LR/outleft/0071.png,data/LR/depthmap/0071.png
data/LR/outleft/0072.png,data/LR/depthmap/0072.png
data/LR/outleft/0073.png,data/LR/depthmap/0073.png
data/LR/outleft/0074.png,data/LR/depthmap/0074.png
data/LR/outleft/0075.png,data/LR/depthmap/0075.png
data/LR/outleft/0076.png,data/LR/depthmap/0076.png
data/LR/outleft/0077.png,data/LR/depthmap/0077.png
data/LR/outleft/0078.png,data/LR/depthmap/0078.png
data/LR/outleft/0079.png,data/LR/depthmap/0079.png
data/LR/outleft/0080.png,data/LR/depthmap/0080.png
data/LR/outleft/0081.png,data/LR/depthmap/0081.png
data/LR/outleft/0082.png,data/LR/depthmap/0082.png
data/LR/outleft/0083.png,data/LR/depthmap/0083.png
data/LR/outleft/0084.png,data/LR/depthmap/0084.png
data/LR/outleft/0085.png,data/LR/depthmap/0085.png
data/LR/outleft/0086.png,data/LR/depthmap/0086.png
data/LR/outleft/0087.png,data/LR/depthmap/0087.png
data/LR/outleft/0088.png,data/LR/depthmap/0088.png
data/LR/outleft/0089.png,data/LR/depthmap/0089.png
data/LR/outleft/0090.png,data/LR/depthmap/0090.png
data/LR/outleft/0091.png,data/LR/depthmap/0091.png
data/LR/outleft/0092.png,data/LR/depthmap/0092.png
data/LR/outleft/0093.png,data/LR/depthmap/0093.png
data/LR/outleft/0094.png,data/LR/depthmap/0094.png
data/LR/outleft/0095.png,data/LR/depthmap/0095.png
data/LR/outleft/0096.png,data/LR/depthmap/0096.png
data/LR/outleft/0097.png,data/LR/depthmap/0097.png
data/LR/outleft/0098.png,data/LR/depthmap/0098.png
data/LR/outleft/0099.png,data/LR/depthmap/0099.png
data/LR/outleft/0100.png,data/LR/depthmap/0100.png
data/LR/outleft/0101.png,data/LR/depthmap/0101.png
data/LR/outleft/0102.png,data/LR/depthmap/0102.png
data/LR/outleft/0103.png,data/LR/depthmap/0103.png
data/LR/outleft/0104.png,data/LR/depthmap/0104.png
data/LR/outleft/0105.png,data/LR/depthmap/0105.png
data/LR/outleft/0106.png,data/LR/depthmap/0106.png
data/LR/outleft/0107.png,data/LR/depthmap/0107.png
data/LR/outleft/0108.png,data/LR/depthmap/0108.png
data/LR/outleft/0109.png,data/LR/depthmap/0109.png
data/LR/outleft/0110.png,data/LR/depthmap/0110.png
data/LR/outleft/0111.png,data/LR/depthmap/0111.png
data/LR/outleft/0112.png,data/LR/depthmap/0112.png
data/LR/outleft/0113.png,data/LR/depthmap/0113.png
data/LR/outleft/0114.png,data/LR/depthmap/0114.png
data/LR/outleft/0115.png,data/LR/depthmap/0115.png
data/LR/outleft/0116.png,data/LR/depthmap/0116.png
data/LR/outleft/0117.png,data/LR/depthmap/0117.png
data/LR/outleft/0118.png,data/LR/depthmap/0118.png
data/LR/outleft/0119.png,data/LR/depthmap/0119.png
data/LR/outleft/0120.png,data/LR/depthmap/0120.png
data/LR/outleft/0121.png,data/LR/depthmap/0121.png
data/LR/outleft/0122.png,data/LR/depthmap/0122.png
data/LR/outleft/0123.png,data/LR/depthmap/0123.png
data/LR/outleft/0124.png,data/LR/depthmap/0124.png
data/LR/outleft/0125.png,data/LR/depthmap/0125.png
data/LR/outleft/0126.png,data/LR/depthmap/0126.png
data/LR/outleft/0127.png,data/LR/depthmap/0127.png
data/LR/outleft/0128.png,data/LR/depthmap/0128.png
data/LR/outleft/0129.png,data/LR/depthmap/0129.png
data/LR/outleft/0130.png,data/LR/depthmap/0130.png
data/LR/outleft/0131.png,data/LR/depthmap/0131.png
data/LR/outleft/0132.png,data/LR/depthmap/0132.png
data/LR/outleft/0133.png,data/LR/depthmap/0133.png
data/LR/outleft/0134.png,data/LR/depthmap/0134.png
data/LR/outleft/0135.png,data/LR/depthmap/0135.png
data/LR/outleft/0136.png,data/LR/depthmap/0136.png
data/LR/outleft/0137.png,data/LR/depthmap/0137.png
data/LR/outleft/0138.png,data/LR/depthmap/0138.png
data/LR/outleft/0139.png,data/LR/depthmap/0139.png
data/LR/outleft/0140.png,data/LR/depthmap/0140.png
data/LR/outleft/0141.png,data/LR/depthmap/0141.png
data/LR/outleft/0142.png,data/LR/depthmap/0142.png
data/LR/outleft/0143.png,data/LR/depthmap/0143.png
data/LR/outleft/0144.png,data/LR/depthmap/0144.png
data/LR/outleft/0145.png,data/LR/depthmap/0145.png
data/LR/outleft/0146.png,data/LR/depthmap/0146.png
data/LR/outleft/0147.png,data/LR/depthmap/0147.png
data/LR/outleft/0148.png,data/LR/depthmap/0148.png
data/LR/outleft/0149.png,data/LR/depthmap/0149.png
data/LR/outleft/0150.png,data/LR/depthmap/0150.png
data/LR/outleft/0151.png,data/LR/depthmap/0151.png
data/LR/outleft/0152.png,data/LR/depthmap/0152.png
data/LR/outleft/0153.png,data/LR/depthmap/0153.png
data/LR/outleft/0154.png,data/LR/depthmap/0154.png
data/LR/outleft/0155.png,data/LR/depthmap/0155.png
data/LR/outleft/0156.png,data/LR/depthmap/0156.png
data/LR/outleft/0157.png,data/LR/depthmap/0157.png
data/LR/outleft/0158.png,data/LR/depthmap/0158.png
data/LR/outleft/0159.png,data/LR/depthmap/0159.png
data/LR/outleft/0160.png,data/LR/depthmap/0160.png
data/LR/outleft/0161.png,data/LR/depthmap/0161.png
data/LR/outleft/0162.png,data/LR/depthmap/0162.png
data/LR/outleft/0163.png,data/LR/depthmap/0163.png
data/LR/outleft/0164.png,data/LR/depthmap/0164.png
data/LR/outleft/0165.png,data/LR/depthmap/0165.png
data/LR/outleft/0166.png,data/LR/depthmap/0166.png
data/LR/outleft/0167.png,data/LR/depthmap/0167.png
data/LR/outleft/0168.png,data/LR/depthmap/0168.png
data/LR/outleft/0169.png,data/LR/depthmap/0169.png
data/LR/outleft/0170.png,data/LR/depthmap/0170.png
data/LR/outleft/0171.png,data/LR/depthmap/0171.png
data/LR/outleft/0172.png,data/LR/depthmap/0172.png
data/LR/outleft/0173.png,data/LR/depthmap/0173.png
data/LR/outleft/0174.png,data/LR/depthmap/0174.png
data/LR/outleft/0175.png,data/LR/depthmap/0175.png
data/LR/outleft/0176.png,data/LR/depthmap/0176.png
data/LR/outleft/0177.png,data/LR/depthmap/0177.png
data/LR/outleft/0178.png,data/LR/depthmap/0178.png
data/LR/outleft/0179.png,data/LR/depthmap/0179.png
data/LR/outleft/0180.png,data/LR/depthmap/0180.png
data/LR/outleft/0181.png,data/LR/depthmap/0181.png
data/LR/outleft/0182.png,data/LR/depthmap/0182.png
data/LR/outleft/0183.png,data/LR/depthmap/0183.png
data/LR/outleft/0184.png,data/LR/depthmap/0184.png
data/LR/outleft/0185.png,data/LR/depthmap/0185.png
data/LR/outleft/0186.png,data/LR/depthmap/0186.png
data/LR/outleft/0187.png,data/LR/depthmap/0187.png
data/LR/outleft/0188.png,data/LR/depthmap/0188.png
data/LR/outleft/0189.png,data/LR/depthmap/0189.png
data/LR/outleft/0190.png,data/LR/depthmap/0190.png
data/LR/outleft/0191.png,data/LR/depthmap/0191.png
data/LR/outleft/0192.png,data/LR/depthmap/0192.png
data/LR/outleft/0193.png,data/LR/depthmap/0193.png
data/LR/outleft/0194.png,data/LR/depthmap/0194.png
data/LR/outleft/0195.png,data/LR/depthmap/0195.png
data/LR/outleft/0196.png,data/LR/depthmap/0196.png
data/LR/outleft/0197.png,data/LR/depthmap/0197.png
data/LR/outleft/0198.png,data/LR/depthmap/0198.png
data/LR/outleft/0199.png,data/LR/depthmap/0199.png
data/LR/outleft/0200.png,data/LR/depthmap/0200.png
data/LR/outleft/0201.png,data/LR/depthmap/0201.png
data/LR/outleft/0202.png,data/LR/depthmap/0202.png
data/LR/outleft/0203.png,data/LR/depthmap/0203.png
data/LR/outleft/0204.png,data/LR/depthmap/0204.png
data/LR/outleft/0205.png,data/LR/depthmap/0205.png
data/LR/outleft/0206.png,data/LR/depthmap/0206.png
data/LR/outleft/0207.png,data/LR/depthmap/0207.png
data/LR/outleft/0208.png,data/LR/depthmap/0208.png
data/LR/outleft/0209.png,data/LR/depthmap/0209.png
data/LR/outleft/0210.png,data/LR/depthmap/0210.png
data/LR/outleft/0211.png,data/LR/depthmap/0211.png
data/LR/outleft/0212.png,data/LR/depthmap/0212.png
data/LR/outleft/0213.png,data/LR/depthmap/0213.png
data/LR/outleft/0214.png,data/LR/depthmap/0214.png
data/LR/outleft/0215.png,data/LR/depthmap/0215.png
data/LR/outleft/0216.png,data/LR/depthmap/0216.png
data/LR/outleft/0217.png,data/LR/depthmap/0217.png
data/LR/outleft/0218.png,data/LR/depthmap/0218.png
data/LR/outleft/0219.png,data/LR/depthmap/0219.png
data/LR/outleft/0220.png,data/LR/depthmap/0220.png
data/LR/outleft/0221.png,data/LR/depthmap/0221.png
data/LR/outleft/0222.png,data/LR/depthmap/0222.png
data/LR/outleft/0223.png,data/LR/depthmap/0223.png
data/LR/outleft/0224.png,data/LR/depthmap/0224.png
data/LR/outleft/0225.png,data/LR/depthmap/0225.png
data/LR/outleft/0226.png,data/LR/depthmap/0226.png
data/LR/outleft/0227.png,data/LR/depthmap/0227.png
data/LR/outleft/0228.png,data/LR/depthmap/0228.png
data/LR/outleft/0229.png,data/LR/depthmap/0229.png
data/LR/outleft/0230.png,data/LR/depthmap/0230.png
data/LR/outleft/0231.png,data/LR/depthmap/0231.png
data/LR/outleft/0232.png,data/LR/depthmap/0232.png
data/LR/outleft/0233.png,data/LR/depthmap/0233.png
data/LR/outleft/0234.png,data/LR/depthmap/0234.png
data/LR/outleft/0235.png,data/LR/depthmap/0235.png
data/LR/outleft/0236.png,data/LR/depthmap/0236.png
data/LR/outleft/0237.png,data/LR/depthmap/0237.png
data/LR/outleft/0238.png,data/LR/depthmap/0238.png
data/LR/outleft/0239.png,data/LR/depthmap/0239.png
data/LR/outleft/0240.png,data/LR/depthmap/0240.png
data/LR/outleft/0241.png,data/LR/depthmap/0241.png
data/LR/outleft/0242.png,data/LR/depthmap/0242.png
data/LR/outleft/0243.png,data/LR/depthmap/0243.png
data/LR/outleft/0244.png,data/LR/depthmap/0244.png
data/LR/outleft/0245.png,data/LR/depthmap/0245.png
data/LR/outleft/0246.png,data/LR/depthmap/0246.png
data/LR/outleft/0247.png,data/LR/depthmap/0247.png
data/LR/outleft/0248.png,data/LR/depthmap/0248.png
data/LR/outleft/0249.png,data/LR/depthmap/0249.png
data/LR/outleft/0250.png,data/LR/depthmap/0250.png
data/LR/outleft/0251.png,data/LR/depthmap/0251.png
data/LR/outleft/0252.png,data/LR/depthmap/0252.png
data/LR/outleft/0253.png,data/LR/depthmap/0253.png
data/LR/outleft/0254.png,data/LR/depthmap/0254.png
data/LR/outleft/0255.png,data/LR/depthmap/0255.png
data/LR/outleft/0256.png,data/LR/depthmap/0256.png
data/LR/outleft/0257.png,data/LR/depthmap/0257.png
data/LR/outleft/0258.png,data/LR/depthmap/0258.png
data/LR/outleft/0259.png,data/LR/depthmap/0259.png
data/LR/outleft/0260.png,data/LR/depthmap/0260.png
data/LR/outleft/0261.png,data/LR/depthmap/0261.png
data/LR/outleft/0262.png,data/LR/depthmap/0262.png
data/LR/outleft/0263.png,data/LR/depthmap/0263.png
data/LR/outleft/0264.png,data/LR/depthmap/0264.png
data/LR/outleft/0265.png,data/LR/depthmap/0265.png
data/LR/outleft/0266.png,data/LR/depthmap/0266.png
data/LR/outleft/0267.png,data/LR/depthmap/0267.png
data/LR/outleft/0268.png,data/LR/depthmap/0268.png
data/LR/outleft/0269.png,data/LR/depthmap/0269.png
data/LR/outleft/0270.png,data/LR/depthmap/0270.png
data/LR/outleft/0271.png,data/LR/depthmap/0271.png
data/LR/outleft/0272.png,data/LR/depthmap/0272.png
data/LR/outleft/0273.png,data/LR/depthmap/0273.png
data/LR/outleft/0274.png,data/LR/depthmap/0274.png
data/LR/outleft/0275.png,data/LR/depthmap/0275.png
data/LR/outleft/0276.png,data/LR/depthmap/0276.png
data/LR/outleft/0277.png,data/LR/depthmap/0277.png
data/LR/outleft/0278.png,data/LR/depthmap/0278.png
data/LR/outleft/0279.png,data/LR/depthmap/0279.png
data/LR/outleft/0280.png,data/LR/depthmap/0280.png
data/LR/outleft/0281.png,data/LR/depthmap/0281.png
data/LR/outleft/0282.png,data/LR/depthmap/0282.png
data/LR/outleft/0283.png,data/LR/depthmap/0283.png
data/LR/outleft/0284.png,data/LR/depthmap/0284.png
data/LR/outleft/0285.png,data/LR/depthmap/0285.png
data/LR/outleft/0286.png,data/LR/depthmap/0286.png
data/LR/outleft/0287.png,data/LR/depthmap/0287.png
data/LR/outleft/0288.png,data/LR/depthmap/0288.png
data/LR/outleft/0289.png,data/LR/depthmap/0289.png
data/LR/outleft/0290.png,data/LR/depthmap/0290.png
data/LR/outleft/0291.png,data/LR/depthmap/0291.png
data/LR/outleft/0292.png,data/LR/depthmap/0292.png
data/LR/outleft/0293.png,data/LR/depthmap/0293.png
data/LR/outleft/0294.png,data/LR/depthmap/0294.png
data/LR/outleft/0295.png,data/LR/depthmap/0295.png
data/LR/outleft/0296.png,data/LR/depthmap/0296.png
data/LR/outleft/0297.png,data/LR/depthmap/0297.png
data/LR/outleft/0298.png,data/LR/depthmap/0298.png
data/LR/outleft/0299.png,data/LR/depthmap/0299.png
data/LR/outleft/0300.png,data/LR/depthmap/0300.png
data/LR/outleft/0301.png,data/LR/depthmap/0301.png
data/LR/outleft/0302.png,data/LR/depthmap/0302.png
data/LR/outleft/0303.png,data/LR/depthmap/0303.png
data/LR/outleft/0304.png,data/LR/depthmap/0304.png
data/LR/outleft/0305.png,data/LR/depthmap/0305.png
data/LR/outleft/0306.png,data/LR/depthmap/0306.png
data/LR/outleft/0307.png,data/LR/depthmap/0307.png
data/LR/outleft/0308.png,data/LR/depthmap/0308.png
data/LR/outleft/0309.png,data/LR/depthmap/0309.png
data/LR/outleft/0310.png,data/LR/depthmap/0310.png
data/LR/outleft/0311.png,data/LR/depthmap/0311.png
data/LR/outleft/0312.png,data/LR/depthmap/0312.png
data/LR/outleft/0313.png,data/LR/depthmap/0313.png
data/LR/outleft/0314.png,data/LR/depthmap/0314.png
data/LR/outleft/0315.png,data/LR/depthmap/0315.png
data/LR/outleft/0316.png,data/LR/depthmap/0316.png
data/LR/outleft/0317.png,data/LR/depthmap/0317.png
data/LR/outleft/0318.png,data/LR/depthmap/0318.png
data/LR/outleft/0319.png,data/LR/depthmap/0319.png
data/LR/outleft/0320.png,data/LR/depthmap/0320.png
data/LR/outleft/0321.png,data/LR/depthmap/0321.png
data/LR/outleft/0322.png,data/LR/depthmap/0322.png
data/LR/outleft/0323.png,data/LR/depthmap/0323.png
data/LR/outleft/0324.png,data/LR/depthmap/0324.png
data/LR/outleft/0325.png,data/LR/depthmap/0325.png
data/LR/outleft/0326.png,data/LR/depthmap/0326.png
data/LR/outleft/0327.png,data/LR/depthmap/0327.png
data/LR/outleft/0328.png,data/LR/depthmap/0328.png
data/LR/outleft/0329.png,data/LR/depthmap/0329.png
data/LR/outleft/0330.png,data/LR/depthmap/0330.png
data/LR/outleft/0331.png,data/LR/depthmap/0331.png
data/LR/outleft/0332.png,data/LR/depthmap/0332.png
data/LR/outleft/0333.png,data/LR/depthmap/0333.png
data/LR/outleft/0334.png,data/LR/depthmap/0334.png
data/LR/outleft/0335.png,data/LR/depthmap/0335.png
data/LR/outleft/0336.png,data/LR/depthmap/0336.png
data/LR/outleft/0337.png,data/LR/depthmap/0337.png
data/LR/outleft/0338.png,data/LR/depthmap/0338.png
data/LR/outleft/0339.png,data/LR/depthmap/0339.png
data/LR/outleft/0340.png,data/LR/depthmap/0340.png
data/LR/outleft/0341.png,data/LR/depthmap/0341.png
data/LR/outleft/0342.png,data/LR/depthmap/0342.png
data/LR/outleft/0343.png,data/LR/depthmap/0343.png
data/LR/outleft/0344.png,data/LR/depthmap/0344.png
data/LR/outleft/0345.png,data/LR/depthmap/0345.png
data/LR/outleft/0346.png,data/LR/depthmap/0346.png
data/LR/outleft/0347.png,data/LR/depthmap/0347.png
data/LR/outleft/0348.png,data/LR/depthmap/0348.png
data/LR/outleft/0349.png,data/LR/depthmap/0349.png
data/LR/outleft/0350.png,data/LR/depthmap/0350.png
data/LR/outleft/0351.png,data/LR/depthmap/0351.png
data/LR/outleft/0352.png,data/LR/depthmap/0352.png
data/LR/outleft/0353.png,data/LR/depthmap/0353.png
data/LR/outleft/0354.png,data/LR/depthmap/0354.png
data/LR/outleft/0355.png,data/LR/depthmap/0355.png
data/LR/outleft/0356.png,data/LR/depthmap/0356.png
data/LR/outleft/0357.png,data/LR/depthmap/0357.png
data/LR/outleft/0358.png,data/LR/depthmap/0358.png
data/LR/outleft/0359.png,data/LR/depthmap/0359.png
data/LR/outleft/0360.png,data/LR/depthmap/0360.png
data/LR/outleft/0361.png,data/LR/depthmap/0361.png
data/LR/outleft/0362.png,data/LR/depthmap/0362.png
data/LR/outleft/0363.png,data/LR/depthmap/0363.png
data/LR/outleft/0364.png,data/LR/depthmap/0364.png
data/LR/outleft/0365.png,data/LR/depthmap/0365.png
data/LR/outleft/0366.png,data/LR/depthmap/0366.png
data/LR/outleft/0367.png,data/LR/depthmap/0367.png
data/LR/outleft/0368.png,data/LR/depthmap/0368.png
data/LR/outleft/0369.png,data/LR/depthmap/0369.png
data/LR/outleft/0370.png,data/LR/depthmap/0370.png
data/LR/outleft/0371.png,data/LR/depthmap/0371.png
data/LR/outleft/0372.png,data/LR/depthmap/0372.png
data/LR/outleft/0373.png,data/LR/depthmap/0373.png
data/LR/outleft/0374.png,data/LR/depthmap/0374.png
data/LR/outleft/0375.png,data/LR/depthmap/0375.png
data/LR/outleft/0376.png,data/LR/depthmap/0376.png
data/LR/outleft/0377.png,data/LR/depthmap/0377.png
data/LR/outleft/0378.png,data/LR/depthmap/0378.png
data/LR/outleft/0379.png,data/LR/depthmap/0379.png
data/LR/outleft/0380.png,data/LR/depthmap/0380.png
data/LR/outleft/0381.png,data/LR/depthmap/0381.png
data/LR/outleft/0382.png,data/LR/depthmap/0382.png
data/LR/outleft/0383.png,data/LR/depthmap/0383.png
data/LR/outleft/0384.png,data/LR/depthmap/0384.png
data/LR/outleft/0385.png,data/LR/depthmap/0385.png
data/LR/outleft/0386.png,data/LR/depthmap/0386.png
data/LR/outleft/0387.png,data/LR/depthmap/0387.png
data/LR/outleft/0388.png,data/LR/depthmap/0388.png
data/LR/outleft/0389.png,data/LR/depthmap/0389.png
data/LR/outleft/0390.png,data/LR/depthmap/0390.png
data/LR/outleft/0391.png,data/LR/depthmap/0391.png
data/LR/outleft/0392.png,data/LR/depthmap/0392.png
data/LR/outleft/0393.png,data/LR/depthmap/0393.png
data/LR/outleft/0394.png,data/LR/depthmap/0394.png
data/LR/outleft/0395.png,data/LR/depthmap/0395.png
data/LR/outleft/0396.png,data/LR/depthmap/0396.png
data/LR/outleft/0397.png,data/LR/depthmap/0397.png
data/LR/outleft/0398.png,data/LR/depthmap/0398.png
data/LR/outleft/0399.png,data/LR/depthmap/0399.png
data/LR/outleft/0400.png,data/LR/depthmap/0400.png
data/LR/outleft/0401.png,data/LR/depthmap/0401.png
data/LR/outleft/0402.png,data/LR/depthmap/0402.png
data/LR/outleft/0403.png,data/LR/depthmap/0403.png
data/LR/outleft/0404.png,data/LR/depthmap/0404.png
data/LR/outleft/0405.png,data/LR/depthmap/0405.png
data/LR/outleft/0406.png,data/LR/depthmap/0406.png
data/LR/outleft/0407.png,data/LR/depthmap/0407.png
data/LR/outleft/0408.png,data/LR/depthmap/0408.png
data/LR/outleft/0409.png,data/LR/depthmap/0409.png
data/LR/outleft/0410.png,data/LR/depthmap/0410.png
data/LR/outleft/0411.png,data/LR/depthmap/0411.png
data/LR/outleft/0412.png,data/LR/depthmap/0412.png
data/LR/outleft/0413.png,data/LR/depthmap/0413.png
data/LR/outleft/0414.png,data/LR/depthmap/0414.png
data/LR/outleft/0415.png,data/LR/depthmap/0415.png
data/LR/outleft/0416.png,data/LR/depthmap/0416.png
data/LR/outleft/0417.png,data/LR/depthmap/0417.png
data/LR/outleft/0418.png,data/LR/depthmap/0418.png
data/LR/outleft/0419.png,data/LR/depthmap/0419.png
data/LR/outleft/0420.png,data/LR/depthmap/0420.png
data/LR/outleft/0421.png,data/LR/depthmap/0421.png
data/LR/outleft/0422.png,data/LR/depthmap/0422.png
data/LR/outleft/0423.png,data/LR/depthmap/0423.png
data/LR/outleft/0424.png,data/LR/depthmap/0424.png
data/LR/outleft/0425.png,data/LR/depthmap/0425.png
data/LR/outleft/0426.png,data/LR/depthmap/0426.png
data/LR/outleft/0427.png,data/LR/depthmap/0427.png
data/LR/outleft/0428.png,data/LR/depthmap/0428.png
data/LR/outleft/0429.png,data/LR/depthmap/0429.png
data/LR/outleft/0430.png,data/LR/depthmap/0430.png
data/LR/outleft/0431.png,data/LR/depthmap/0431.png
data/LR/outleft/0432.png,data/LR/depthmap/0432.png
data/LR/outleft/0433.png,data/LR/depthmap/0433.png
data/LR/outleft/0434.png,data/LR/depthmap/0434.png
data/LR/outleft/0435.png,data/LR/depthmap/0435.png
data/LR/outleft/0436.png,data/LR/depthmap/0436.png
data/LR/outleft/0437.png,data/LR/depthmap/0437.png
data/LR/outleft/0438.png,data/LR/depthmap/0438.png
data/LR/outleft/0439.png,data/LR/depthmap/0439.png
data/LR/outleft/0440.png,data/LR/depthmap/0440.png
data/LR/outleft/0441.png,data/LR/depthmap/0441.png
data/LR/outleft/0442.png,data/LR/depthmap/0442.png
data/LR/outleft/0443.png,data/LR/depthmap/0443.png
data/LR/outleft/0444.png,data/LR/depthmap/0444.png
data/LR/outleft/0445.png,data/LR/depthmap/0445.png
data/LR/outleft/0446.png,data/LR/depthmap/0446.png
data/LR/outleft/0447.png,data/LR/depthmap/0447.png
data/LR/outleft/0448.png,data/LR/depthmap/0448.png
data/LR/outleft/0449.png,data/LR/depthmap/0449.png
data/LR/outleft/0450.png,data/LR/depthmap/0450.png
data/LR/outleft/0451.png,data/LR/depthmap/0451.png
data/LR/outleft/0452.png,data/LR/depthmap/0452.png
data/LR/outleft/0453.png,data/LR/depthmap/0453.png
data/LR/outleft/0454.png,data/LR/depthmap/0454.png
data/LR/outleft/0455.png,data/LR/depthmap/0455.png
data/LR/outleft/0456.png,data/LR/depthmap/0456.png
data/LR/outleft/0457.png,data/LR/depthmap/0457.png
data/LR/outleft/0458.png,data/LR/depthmap/0458.png
data/LR/outleft/0459.png,data/LR/depthmap/0459.png
data/LR/outleft/0460.png,data/LR/depthmap/0460.png
data/LR/outleft/0461.png,data/LR/depthmap/0461.png
data/LR/outleft/0462.png,data/LR/depthmap/0462.png
data/LR/outleft/0463.png,data/LR/depthmap/0463.png
data/LR/outleft/0464.png,data/LR/depthmap/0464.png
data/LR/outleft/0465.png,data/LR/depthmap/0465.png
data/LR/outleft/0466.png,data/LR/depthmap/0466.png
data/LR/outleft/0467.png,data/LR/depthmap/0467.png
data/LR/outleft/0468.png,data/LR/depthmap/0468.png
data/LR/outleft/0469.png,data/LR/depthmap/0469.png
data/LR/outleft/0470.png,data/LR/depthmap/0470.png
data/LR/outleft/0471.png,data/LR/depthmap/0471.png
data/LR/outleft/0472.png,data/LR/depthmap/0472.png
data/LR/outleft/0473.png,data/LR/depthmap/0473.png
data/LR/outleft/0474.png,data/LR/depthmap/0474.png
data/LR/outleft/0475.png,data/LR/depthmap/0475.png
data/LR/outleft/0476.png,data/LR/depthmap/0476.png
data/LR/outleft/0477.png,data/LR/depthmap/0477.png
data/LR/outleft/0478.png,data/LR/depthmap/0478.png
data/LR/outleft/0479.png,data/LR/depthmap/0479.png
data/LR/outleft/0480.png,data/LR/depthmap/0480.png
data/LR/outleft/0481.png,data/LR/depthmap/0481.png
data/LR/outleft/0482.png,data/LR/depthmap/0482.png
data/LR/outleft/0483.png,data/LR/depthmap/0483.png
data/LR/outleft/0484.png,data/LR/depthmap/0484.png
data/LR/outleft/0485.png,data/LR/depthmap/0485.png
data/LR/outleft/0486.png,data/LR/depthmap/0486.png
data/LR/outleft/0487.png,data/LR/depthmap/0487.png
data/LR/outleft/0488.png,data/LR/depthmap/0488.png
data/LR/outleft/0489.png,data/LR/depthmap/0489.png
data/LR/outleft/0490.png,data/LR/depthmap/0490.png
data/LR/outleft/0491.png,data/LR/depthmap/0491.png
data/LR/outleft/0492.png,data/LR/depthmap/0492.png
data/LR/outleft/0493.png,data/LR/depthmap/0493.png
data/LR/outleft/0494.png,data/LR/depthmap/0494.png
data/LR/outleft/0495.png,data/LR/depthmap/0495.png
data/LR/outleft/0496.png,data/LR/depthmap/0496.png
data/LR/outleft/0497.png,data/LR/depthmap/0497.png
data/LR/outleft/0498.png,data/LR/depthmap/0498.png
data/LR/outleft/0499.png,data/LR/depthmap/0499.png
data/LR/outleft/0500.png,data/LR/depthmap/0500.png
data/LR/outleft/0501.png,data/LR/depthmap/0501.png
data/LR/outleft/0502.png,data/LR/depthmap/0502.png
data/LR/outleft/0503.png,data/LR/depthmap/0503.png
data/LR/outleft/0504.png,data/LR/depthmap/0504.png
data/LR/outleft/0505.png,data/LR/depthmap/0505.png
data/LR/outleft/0506.png,data/LR/depthmap/0506.png
data/LR/outleft/0507.png,data/LR/depthmap/0507.png
data/LR/outleft/0508.png,data/LR/depthmap/0508.png
data/LR/outleft/0509.png,data/LR/depthmap/0509.png
data/LR/outleft/0510.png,data/LR/depthmap/0510.png
data/LR/outleft/0511.png,data/LR/depthmap/0511.png
data/LR/outleft/0512.png,data/LR/depthmap/0512.png
data/LR/outleft/0513.png,data/LR/depthmap/0513.png
data/LR/outleft/0514.png,data/LR/depthmap/0514.png
data/LR/outleft/0515.png,data/LR/depthmap/0515.png
data/LR/outleft/0516.png,data/LR/depthmap/0516.png
data/LR/outleft/0517.png,data/LR/depthmap/0517.png
data/LR/outleft/0518.png,data/LR/depthmap/0518.png
data/LR/outleft/0519.png,data/LR/depthmap/0519.png
data/LR/outleft/0520.png,data/LR/depthmap/0520.png
data/LR/outleft/0521.png,data/LR/depthmap/0521.png
data/LR/outleft/0522.png,data/LR/depthmap/0522.png
data/LR/outleft/0523.png,data/LR/depthmap/0523.png
data/LR/outleft/0524.png,data/LR/depthmap/0524.png
data/LR/outleft/0525.png,data/LR/depthmap/0525.png
data/LR/outleft/0526.png,data/LR/depthmap/0526.png
data/LR/outleft/0527.png,data/LR/depthmap/0527.png
data/LR/outleft/0528.png,data/LR/depthmap/0528.png
data/LR/outleft/0529.png,data/LR/depthmap/0529.png
data/LR/outleft/0530.png,data/LR/depthmap/0530.png
data/LR/outleft/0531.png,data/LR/depthmap/0531.png
data/LR/outleft/0532.png,data/LR/depthmap/0532.png
data/LR/outleft/0533.png,data/LR/depthmap/0533.png
data/LR/outleft/0534.png,data/LR/depthmap/0534.png
data/LR/outleft/0535.png,data/LR/depthmap/0535.png
data/LR/outleft/0536.png,data/LR/depthmap/0536.png
data/LR/outleft/0537.png,data/LR/depthmap/0537.png
data/LR/outleft/0538.png,data/LR/depthmap/0538.png
data/LR/outleft/0539.png,data/LR/depthmap/0539.png
data/LR/outleft/0540.png,data/LR/depthmap/0540.png
data/LR/outleft/0541.png,data/LR/depthmap/0541.png
data/LR/outleft/0542.png,data/LR/depthmap/0542.png
data/LR/outleft/0543.png,data/LR/depthmap/0543.png
data/LR/outleft/0544.png,data/LR/depthmap/0544.png
data/LR/outleft/0545.png,data/LR/depthmap/0545.png
data/LR/outleft/0546.png,data/LR/depthmap/0546.png
data/LR/outleft/0547.png,data/LR/depthmap/0547.png
data/LR/outleft/0548.png,data/LR/depthmap/0548.png
data/LR/outleft/0549.png,data/LR/depthmap/0549.png
data/LR/outleft/0550.png,data/LR/depthmap/0550.png
data/LR/outleft/0551.png,data/LR/depthmap/0551.png
data/LR/outleft/0552.png,data/LR/depthmap/0552.png
data/LR/outleft/0553.png,data/LR/depthmap/0553.png
data/LR/outleft/0554.png,data/LR/depthmap/0554.png
data/LR/outleft/0555.png,data/LR/depthmap/0555.png
data/LR/outleft/0556.png,data/LR/depthmap/0556.png
data/LR/outleft/0557.png,data/LR/depthmap/0557.png
data/LR/outleft/0558.png,data/LR/depthmap/0558.png
data/LR/outleft/0559.png,data/LR/depthmap/0559.png
data/LR/outleft/0560.png,data/LR/depthmap/0560.png
data/LR/outleft/0561.png,data/LR/depthmap/0561.png
data/LR/outleft/0562.png,data/LR/depthmap/0562.png
data/LR/outleft/0563.png,data/LR/depthmap/0563.png
data/LR/outleft/0564.png,data/LR/depthmap/0564.png
data/LR/outleft/0565.png,data/LR/depthmap/0565.png
data/LR/outleft/0566.png,data/LR/depthmap/0566.png
data/LR/outleft/0567.png,data/LR/depthmap/0567.png
data/LR/outleft/0568.png,data/LR/depthmap/0568.png
data/LR/outleft/0569.png,data/LR/depthmap/0569.png
data/LR/outleft/0570.png,data/LR/depthmap/0570.png
data/LR/outleft/0571.png,data/LR/depthmap/0571.png
data/LR/outleft/0572.png,data/LR/depthmap/0572.png
data/LR/outleft/0573.png,data/LR/depthmap/0573.png
data/LR/outleft/0574.png,data/LR/depthmap/0574.png
data/LR/outleft/0575.png,data/LR/depthmap/0575.png
data/LR/outleft/0576.png,data/LR/depthmap/0576.png
data/LR/outleft/0577.png,data/LR/depthmap/0577.png
data/LR/outleft/0578.png,data/LR/depthmap/0578.png
data/LR/outleft/0579.png,data/LR/depthmap/0579.png
data/LR/outleft/0580.png,data/LR/depthmap/0580.png
data/LR/outleft/0581.png,data/LR/depthmap/0581.png
data/LR/outleft/0582.png,data/LR/depthmap/0582.png
data/LR/outleft/0583.png,data/LR/depthmap/0583.png
data/LR/outleft/0584.png,data/LR/depthmap/0584.png
data/LR/outleft/0585.png,data/LR/depthmap/0585.png
data/LR/outleft/0586.png,data/LR/depthmap/0586.png
data/LR/outleft/0587.png,data/LR/depthmap/0587.png
data/LR/outleft/0588.png,data/LR/depthmap/0588.png
data/LR/outleft/0589.png,data/LR/depthmap/0589.png
data/LR/outleft/0590.png,data/LR/depthmap/0590.png
data/LR/outleft/0591.png,data/LR/depthmap/0591.png
data/LR/outleft/0592.png,data/LR/depthmap/0592.png
data/LR/outleft/0593.png,data/LR/depthmap/0593.png
data/LR/outleft/0594.png,data/LR/depthmap/0594.png
data/LR/outleft/0595.png,data/LR/depthmap/0595.png
data/LR/outleft/0596.png,data/LR/depthmap/0596.png
data/LR/outleft/0597.png,data/LR/depthmap/0597.png
data/LR/outleft/0598.png,data/LR/depthmap/0598.png
data/LR/outleft/0599.png,data/LR/depthmap/0599.png
data/LR/outleft/0600.png,data/LR/depthmap/0600.png
data/LR/outleft/0601.png,data/LR/depthmap/0601.png
data/LR/outleft/0602.png,data/LR/depthmap/0602.png
data/LR/outleft/0603.png,data/LR/depthmap/0603.png
data/LR/outleft/0604.png,data/LR/depthmap/0604.png
data/LR/outleft/0605.png,data/LR/depthmap/0605.png
data/LR/outleft/0606.png,data/LR/depthmap/0606.png
data/LR/outleft/0607.png,data/LR/depthmap/0607.png
data/LR/outleft/0608.png,data/LR/depthmap/0608.png
data/LR/outleft/0609.png,data/LR/depthmap/0609.png
data/LR/outleft/0610.png,data/LR/depthmap/0610.png
data/LR/outleft/0611.png,data/LR/depthmap/0611.png
data/LR/outleft/0612.png,data/LR/depthmap/0612.png
data/LR/outleft/0613.png,data/LR/depthmap/0613.png
data/LR/outleft/0614.png,data/LR/depthmap/0614.png
data/LR/outleft/0615.png,data/LR/depthmap/0615.png
data/LR/outleft/0616.png,data/LR/depthmap/0616.png
data/LR/outleft/0617.png,data/LR/depthmap/0617.png
data/LR/outleft/0618.png,data/LR/depthmap/0618.png
data/LR/outleft/0619.png,data/LR/depthmap/0619.png
data/LR/outleft/0620.png,data/LR/depthmap/0620.png
data/LR/outleft/0621.png,data/LR/depthmap/0621.png
data/LR/outleft/0622.png,data/LR/depthmap/0622.png
data/LR/outleft/0623.png,data/LR/depthmap/0623.png
data/LR/outleft/0624.png,data/LR/depthmap/0624.png
data/LR/outleft/0625.png,data/LR/depthmap/0625.png
data/LR/outleft/0626.png,data/LR/depthmap/0626.png
data/LR/outleft/0627.png,data/LR/depthmap/0627.png
data/LR/outleft/0628.png,data/LR/depthmap/0628.png
data/LR/outleft/0629.png,data/LR/depthmap/0629.png
data/LR/outleft/0630.png,data/LR/depthmap/0630.png
data/LR/outleft/0631.png,data/LR/depthmap/0631.png
data/LR/outleft/0632.png,data/LR/depthmap/0632.png
data/LR/outleft/0633.png,data/LR/depthmap/0633.png
data/LR/outleft/0634.png,data/LR/depthmap/0634.png
data/LR/outleft/0635.png,data/LR/depthmap/0635.png
data/LR/outleft/0636.png,data/LR/depthmap/0636.png
data/LR/outleft/0637.png,data/LR/depthmap/0637.png
data/LR/outleft/0638.png,data/LR/depthmap/0638.png
data/LR/outleft/0639.png,data/LR/depthmap/0639.png
data/LR/outleft/0640.png,data/LR/depthmap/0640.png
data/LR/outleft/0641.png,data/LR/depthmap/0641.png
data/LR/outleft/0642.png,data/LR/depthmap/0642.png
data/LR/outleft/0643.png,data/LR/depthmap/0643.png
data/LR/outleft/0644.png,data/LR/depthmap/0644.png
data/LR/outleft/0645.png,data/LR/depthmap/0645.png
data/LR/outleft/0646.png,data/LR/depthmap/0646.png
data/LR/outleft/0647.png,data/LR/depthmap/0647.png
data/LR/outleft/0648.png,data/LR/depthmap/0648.png
data/LR/outleft/0649.png,data/LR/depthmap/0649.png
data/LR/outleft/0650.png,data/LR/depthmap/0650.png
data/LR/outleft/0651.png,data/LR/depthmap/0651.png
data/LR/outleft/0652.png,data/LR/depthmap/0652.png
data/LR/outleft/0653.png,data/LR/depthmap/0653.png
data/LR/outleft/0654.png,data/LR/depthmap/0654.png
data/LR/outleft/0655.png,data/LR/depthmap/0655.png
data/LR/outleft/0656.png,data/LR/depthmap/0656.png
data/LR/outleft/0657.png,data/LR/depthmap/0657.png
data/LR/outleft/0658.png,data/LR/depthmap/0658.png
data/LR/outleft/0659.png,data/LR/depthmap/0659.png
data/LR/outleft/0660.png,data/LR/depthmap/0660.png
data/LR/outleft/0661.png,data/LR/depthmap/0661.png
data/LR/outleft/0662.png,data/LR/depthmap/0662.png
data/LR/outleft/0663.png,data/LR/depthmap/0663.png
data/LR/outleft/0664.png,data/LR/depthmap/0664.png
data/LR/outleft/0665.png,data/LR/depthmap/0665.png
data/LR/outleft/0666.png,data/LR/depthmap/0666.png
data/LR/outleft/0667.png,data/LR/depthmap/0667.png
data/LR/outleft/0668.png,data/LR/depthmap/0668.png
data/LR/outleft/0669.png,data/LR/depthmap/0669.png
data/LR/outleft/0670.png,data/LR/depthmap/0670.png
data/LR/outleft/0671.png,data/LR/depthmap/0671.png
data/LR/outleft/0672.png,data/LR/depthmap/0672.png
data/LR/outleft/0673.png,data/LR/depthmap/0673.png
data/LR/outleft/0674.png,data/LR/depthmap/0674.png
data/LR/outleft/0675.png,data/LR/depthmap/0675.png
data/LR/outleft/0676.png,data/LR/depthmap/0676.png
data/LR/outleft/0677.png,data/LR/depthmap/0677.png
data/LR/outleft/0678.png,data/LR/depthmap/0678.png
data/LR/outleft/0679.png,data/LR/depthmap/0679.png
data/LR/outleft/0680.png,data/LR/depthmap/0680.png
data/LR/outleft/0681.png,data/LR/depthmap/0681.png
data/LR/outleft/0682.png,data/LR/depthmap/0682.png
data/LR/outleft/0683.png,data/LR/depthmap/0683.png
data/LR/outleft/0684.png,data/LR/depthmap/0684.png
data/LR/outleft/0685.png,data/LR/depthmap/0685.png
data/LR/outleft/0686.png,data/LR/depthmap/0686.png
data/LR/outleft/0687.png,data/LR/depthmap/0687.png
data/LR/outleft/0688.png,data/LR/depthmap/0688.png
data/LR/outleft/0689.png,data/LR/depthmap/0689.png
data/LR/outleft/0690.png,data/LR/depthmap/0690.png
data/LR/outleft/0691.png,data/LR/depthmap/0691.png
data/LR/outleft/0692.png,data/LR/depthmap/0692.png
data/LR/outleft/0693.png,data/LR/depthmap/0693.png
data/LR/outleft/0694.png,data/LR/depthmap/0694.png
data/LR/outleft/0695.png,data/LR/depthmap/0695.png
data/LR/outleft/0696.png,data/LR/depthmap/0696.png
data/LR/outleft/0697.png,data/LR/depthmap/0697.png
data/LR/outleft/0698.png,data/LR/depthmap/0698.png
data/LR/outleft/0699.png,data/LR/depthmap/0699.png
data/LR/outleft/0700.png,data/LR/depthmap/0700.png
data/LR/outleft/0701.png,data/LR/depthmap/0701.png
data/LR/outleft/0702.png,data/LR/depthmap/0702.png
data/LR/outleft/0703.png,data/LR/depthmap/0703.png
data/LR/outleft/0704.png,data/LR/depthmap/0704.png
data/LR/outleft/0705.png,data/LR/depthmap/0705.png
data/LR/outleft/0706.png,data/LR/depthmap/0706.png
data/LR/outleft/0707.png,data/LR/depthmap/0707.png
data/LR/outleft/0708.png,data/LR/depthmap/0708.png
data/LR/outleft/0709.png,data/LR/depthmap/0709.png
data/LR/outleft/0710.png,data/LR/depthmap/0710.png
data/LR/outleft/0711.png,data/LR/depthmap/0711.png
data/LR/outleft/0712.png,data/LR/depthmap/0712.png
data/LR/outleft/0713.png,data/LR/depthmap/0713.png
data/LR/outleft/0714.png,data/LR/depthmap/0714.png
data/LR/outleft/0715.png,data/LR/depthmap/0715.png
data/LR/outleft/0716.png,data/LR/depthmap/0716.png
data/LR/outleft/0717.png,data/LR/depthmap/0717.png
data/LR/outleft/0718.png,data/LR/depthmap/0718.png
data/LR/outleft/0719.png,data/LR/depthmap/0719.png
data/LR/outleft/0720.png,data/LR/depthmap/0720.png
data/LR/outleft/0721.png,data/LR/depthmap/0721.png
data/LR/outleft/0722.png,data/LR/depthmap/0722.png
data/LR/outleft/0723.png,data/LR/depthmap/0723.png
data/LR/outleft/0724.png,data/LR/depthmap/0724.png
data/LR/outleft/0725.png,data/LR/depthmap/0725.png
data/LR/outleft/0726.png,data/LR/depthmap/0726.png
data/LR/outleft/0727.png,data/LR/depthmap/0727.png
data/LR/outleft/0728.png,data/LR/depthmap/0728.png
data/LR/outleft/0729.png,data/LR/depthmap/0729.png
data/LR/outleft/0730.png,data/LR/depthmap/0730.png
data/LR/outleft/0731.png,data/LR/depthmap/0731.png
data/LR/outleft/0732.png,data/LR/depthmap/0732.png
data/LR/outleft/0733.png,data/LR/depthmap/0733.png
data/LR/outleft/0734.png,data/LR/depthmap/0734.png
data/LR/outleft/0735.png,data/LR/depthmap/0735.png
data/LR/outleft/0736.png,data/LR/depthmap/0736.png
data/LR/outleft/0737.png,data/LR/depthmap/0737.png
data/LR/outleft/0738.png,data/LR/depthmap/0738.png
data/LR/outleft/0739.png,data/LR/depthmap/0739.png
data/LR/outleft/0740.png,data/LR/depthmap/0740.png
data/LR/outleft/0741.png,data/LR/depthmap/0741.png
data/LR/outleft/0742.png,data/LR/depthmap/0742.png
data/LR/outleft/0743.png,data/LR/depthmap/0743.png
data/LR/outleft/0744.png,data/LR/depthmap/0744.png
data/LR/outleft/0745.png,data/LR/depthmap/0745.png
data/LR/outleft/0746.png,data/LR/depthmap/0746.png
data/LR/outleft/0747.png,data/LR/depthmap/0747.png
data/LR/outleft/0748.png,data/LR/depthmap/0748.png
data/LR/outleft/0749.png,data/LR/depthmap/0749.png
data/LR/outleft/0750.png,data/LR/depthmap/0750.png
data/LR/outleft/0751.png,data/LR/depthmap/0751.png
data/LR/outleft/0752.png,data/LR/depthmap/0752.png
data/LR/outleft/0753.png,data/LR/depthmap/0753.png
data/LR/outleft/0754.png,data/LR/depthmap/0754.png
data/LR/outleft/0755.png,data/LR/depthmap/0755.png
data/LR/outleft/0756.png,data/LR/depthmap/0756.png
data/LR/outleft/0757.png,data/LR/depthmap/0757.png
data/LR/outleft/0758.png,data/LR/depthmap/0758.png
data/LR/outleft/0759.png,data/LR/depthmap/0759.png
data/LR/outleft/0760.png,data/LR/depthmap/0760.png
data/LR/outleft/0761.png,data/LR/depthmap/0761.png
data/LR/outleft/0762.png,data/LR/depthmap/0762.png
data/LR/outleft/0763.png,data/LR/depthmap/0763.png
data/LR/outleft/0764.png,data/LR/depthmap/0764.png
data/LR/outleft/0765.png,data/LR/depthmap/0765.png
data/LR/outleft/0766.png,data/LR/depthmap/0766.png
data/LR/outleft/0767.png,data/LR/depthmap/0767.png
data/LR/outleft/0768.png,data/LR/depthmap/0768.png
data/LR/outleft/0769.png,data/LR/depthmap/0769.png
data/LR/outleft/0770.png,data/LR/depthmap/0770.png
data/LR/outleft/0771.png,data/LR/depthmap/0771.png
data/LR/outleft/0772.png,data/LR/depthmap/0772.png
data/LR/outleft/0773.png,data/LR/depthmap/0773.png
data/LR/outleft/0774.png,data/LR/depthmap/0774.png
data/LR/outleft/0775.png,data/LR/depthmap/0775.png
data/LR/outleft/0776.png,data/LR/depthmap/0776.png
data/LR/outleft/0777.png,data/LR/depthmap/0777.png
data/LR/outleft/0778.png,data/LR/depthmap/0778.png
data/LR/outleft/0779.png,data/LR/depthmap/0779.png
data/LR/outleft/0780.png,data/LR/depthmap/0780.png
data/LR/outleft/0781.png,data/LR/depthmap/0781.png
data/LR/outleft/0782.png,data/LR/depthmap/0782.png
data/LR/outleft/0783.png,data/LR/depthmap/0783.png
data/LR/outleft/0784.png,data/LR/depthmap/0784.png
data/LR/outleft/0785.png,data/LR/depthmap/0785.png
data/LR/outleft/0786.png,data/LR/depthmap/0786.png
data/LR/outleft/0787.png,data/LR/depthmap/0787.png
data/LR/outleft/0788.png,data/LR/depthmap/0788.png
data/LR/outleft/0789.png,data/LR/depthmap/0789.png
data/LR/outleft/0790.png,data/LR/depthmap/0790.png
data/LR/outleft/0791.png,data/LR/depthmap/0791.png
data/LR/outleft/0792.png,data/LR/depthmap/0792.png
data/LR/outleft/0793.png,data/LR/depthmap/0793.png
data/LR/outleft/0794.png,data/LR/depthmap/0794.png
data/LR/outleft/0795.png,data/LR/depthmap/0795.png
data/LR/outleft/0796.png,data/LR/depthmap/0796.png
data/LR/outleft/0797.png,data/LR/depthmap/0797.png
data/LR/outleft/0798.png,data/LR/depthmap/0798.png
data/LR/outleft/0799.png,data/LR/depthmap/0799.png
data/LR/outleft/0800.png,data/LR/depthmap/0800.png
data/LR/outleft/0801.png,data/LR/depthmap/0801.png
data/LR/outleft/0802.png,data/LR/depthmap/0802.png
data/LR/outleft/0803.png,data/LR/depthmap/0803.png
data/LR/outleft/0804.png,data/LR/depthmap/0804.png
data/LR/outleft/0805.png,data/LR/depthmap/0805.png
data/LR/outleft/0806.png,data/LR/depthmap/0806.png
data/LR/outleft/0807.png,data/LR/depthmap/0807.png
data/LR/outleft/0808.png,data/LR/depthmap/0808.png
data/LR/outleft/0809.png,data/LR/depthmap/0809.png
data/LR/outleft/0810.png,data/LR/depthmap/0810.png
data/LR/outleft/0811.png,data/LR/depthmap/0811.png
data/LR/outleft/0812.png,data/LR/depthmap/0812.png
data/LR/outleft/0813.png,data/LR/depthmap/0813.png
data/LR/outleft/0814.png,data/LR/depthmap/0814.png
data/LR/outleft/0815.png,data/LR/depthmap/0815.png
data/LR/outleft/0816.png,data/LR/depthmap/0816.png
data/LR/outleft/0817.png,data/LR/depthmap/0817.png
data/LR/outleft/0818.png,data/LR/depthmap/0818.png
data/LR/outleft/0819.png,data/LR/depthmap/0819.png
data/LR/outleft/0820.png,data/LR/depthmap/0820.png
data/LR/outleft/0821.png,data/LR/depthmap/0821.png
data/LR/outleft/0822.png,data/LR/depthmap/0822.png
data/LR/outleft/0823.png,data/LR/depthmap/0823.png
data/LR/outleft/0824.png,data/LR/depthmap/0824.png
data/LR/outleft/0825.png,data/LR/depthmap/0825.png
data/LR/outleft/0826.png,data/LR/depthmap/0826.png
data/LR/outleft/0827.png,data/LR/depthmap/0827.png
data/LR/outleft/0828.png,data/LR/depthmap/0828.png
data/LR/outleft/0829.png,data/LR/depthmap/0829.png
data/LR/outleft/0830.png,data/LR/depthmap/0830.png
data/LR/outleft/0831.png,data/LR/depthmap/0831.png
data/LR/outleft/0832.png,data/LR/depthmap/0832.png
data/LR/outleft/0833.png,data/LR/depthmap/0833.png
data/LR/outleft/0834.png,data/LR/depthmap/0834.png
data/LR/outleft/0835.png,data/LR/depthmap/0835.png
data/LR/outleft/0836.png,data/LR/depthmap/0836.png
data/LR/outleft/0837.png,data/LR/depthmap/0837.png
data/LR/outleft/0838.png,data/LR/depthmap/0838.png
data/LR/outleft/0839.png,data/LR/depthmap/0839.png
data/LR/outleft/0840.png,data/LR/depthmap/0840.png
data/LR/outleft/0841.png,data/LR/depthmap/0841.png
data/LR/outleft/0842.png,data/LR/depthmap/0842.png
data/LR/outleft/0843.png,data/LR/depthmap/0843.png
data/LR/outleft/0844.png,data/LR/depthmap/0844.png
data/LR/outleft/0845.png,data/LR/depthmap/0845.png
data/LR/outleft/0846.png,data/LR/depthmap/0846.png
data/LR/outleft/0847.png,data/LR/depthmap/0847.png
data/LR/outleft/0848.png,data/LR/depthmap/0848.png
data/LR/outleft/0849.png,data/LR/depthmap/0849.png
data/LR/outleft/0850.png,data/LR/depthmap/0850.png
data/LR/outleft/0851.png,data/LR/depthmap/0851.png
data/LR/outleft/0852.png,data/LR/depthmap/0852.png
data/LR/outleft/0853.png,data/LR/depthmap/0853.png
data/LR/outleft/0854.png,data/LR/depthmap/0854.png
data/LR/outleft/0855.png,data/LR/depthmap/0855.png
data/LR/outleft/0856.png,data/LR/depthmap/0856.png
data/LR/outleft/0857.png,data/LR/depthmap/0857.png
data/LR/outleft/0858.png,data/LR/depthmap/0858.png
data/LR/outleft/0859.png,data/LR/depthmap/0859.png
data/LR/outleft/0860.png,data/LR/depthmap/0860.png
data/LR/outleft/0861.png,data/LR/depthmap/0861.png
data/LR/outleft/0862.png,data/LR/depthmap/0862.png
data/LR/outleft/0863.png,data/LR/depthmap/0863.png
data/LR/outleft/0864.png,data/LR/depthmap/0864.png
data/LR/outleft/0865.png,data/LR/depthmap/0865.png
data/LR/outleft/0866.png,data/LR/depthmap/0866.png
data/LR/outleft/0867.png,data/LR/depthmap/0867.png
data/LR/outleft/0868.png,data/LR/depthmap/0868.png
data/LR/outleft/0869.png,data/LR/depthmap/0869.png
data/LR/outleft/0870.png,data/LR/depthmap/0870.png
data/LR/outleft/0871.png,data/LR/depthmap/0871.png
data/LR/outleft/0872.png,data/LR/depthmap/0872.png
data/LR/outleft/0873.png,data/LR/depthmap/0873.png
data/LR/outleft/0874.png,data/LR/depthmap/0874.png
data/LR/outleft/0875.png,data/LR/depthmap/0875.png
data/LR/outleft/0876.png,data/LR/depthmap/0876.png
data/LR/outleft/0877.png,data/LR/depthmap/0877.png
data/LR/outleft/0878.png,data/LR/depthmap/0878.png
data/LR/outleft/0879.png,data/LR/depthmap/0879.png
data/LR/outleft/0880.png,data/LR/depthmap/0880.png
data/LR/outleft/0881.png,data/LR/depthmap/0881.png
data/LR/outleft/0882.png,data/LR/depthmap/0882.png
data/LR/outleft/0883.png,data/LR/depthmap/0883.png
data/LR/outleft/0884.png,data/LR/depthmap/0884.png
data/LR/outleft/0885.png,data/LR/depthmap/0885.png
data/LR/outleft/0886.png,data/LR/depthmap/0886.png
data/LR/outleft/0887.png,data/LR/depthmap/0887.png
data/LR/outleft/0888.png,data/LR/depthmap/0888.png
data/LR/outleft/0889.png,data/LR/depthmap/0889.png
data/LR/outleft/0890.png,data/LR/depthmap/0890.png
data/LR/outleft/0891.png,data/LR/depthmap/0891.png
data/LR/outleft/0892.png,data/LR/depthmap/0892.png
data/LR/outleft/0893.png,data/LR/depthmap/0893.png
data/LR/outleft/0894.png,data/LR/depthmap/0894.png
data/LR/outleft/0895.png,data/LR/depthmap/0895.png
data/LR/outleft/0896.png,data/LR/depthmap/0896.png
data/LR/outleft/0897.png,data/LR/depthmap/0897.png
data/LR/outleft/0898.png,data/LR/depthmap/0898.png
data/LR/outleft/0899.png,data/LR/depthmap/0899.png
data/LR/outleft/0900.png,data/LR/depthmap/0900.png
data/LR/outleft/0901.png,data/LR/depthmap/0901.png
data/LR/outleft/0902.png,data/LR/depthmap/0902.png
data/LR/outleft/0903.png,data/LR/depthmap/0903.png
data/LR/outleft/0904.png,data/LR/depthmap/0904.png
data/LR/outleft/0905.png,data/LR/depthmap/0905.png
data/LR/outleft/0906.png,data/LR/depthmap/0906.png
data/LR/outleft/0907.png,data/LR/depthmap/0907.png
data/LR/outleft/0908.png,data/LR/depthmap/0908.png
data/LR/outleft/0909.png,data/LR/depthmap/0909.png
data/LR/outleft/0910.png,data/LR/depthmap/0910.png
data/LR/outleft/0911.png,data/LR/depthmap/0911.png
data/LR/outleft/0912.png,data/LR/depthmap/0912.png
data/LR/outleft/0913.png,data/LR/depthmap/0913.png
data/LR/outleft/0914.png,data/LR/depthmap/0914.png
data/LR/outleft/0915.png,data/LR/depthmap/0915.png
data/LR/outleft/0916.png,data/LR/depthmap/0916.png
data/LR/outleft/0917.png,data/LR/depthmap/0917.png
data/LR/outleft/0918.png,data/LR/depthmap/0918.png
data/LR/outleft/0919.png,data/LR/depthmap/0919.png
data/LR/outleft/0920.png,data/LR/depthmap/0920.png
data/LR/outleft/0921.png,data/LR/depthmap/0921.png
data/LR/outleft/0922.png,data/LR/depthmap/0922.png
data/LR/outleft/0923.png,data/LR/depthmap/0923.png
data/LR/outleft/0924.png,data/LR/depthmap/0924.png
data/LR/outleft/0925.png,data/LR/depthmap/0925.png
data/LR/outleft/0926.png,data/LR/depthmap/0926.png
data/LR/outleft/0927.png,data/LR/depthmap/0927.png
data/LR/outleft/0928.png,data/LR/depthmap/0928.png
data/LR/outleft/0929.png,data/LR/depthmap/0929.png
data/LR/outleft/0930.png,data/LR/depthmap/0930.png
data/LR/outleft/0931.png,data/LR/depthmap/0931.png
data/LR/outleft/0932.png,data/LR/depthmap/0932.png
data/LR/outleft/0933.png,data/LR/depthmap/0933.png
data/LR/outleft/0934.png,data/LR/depthmap/0934.png
data/LR/outleft/0935.png,data/LR/depthmap/0935.png
data/LR/outleft/0936.png,data/LR/depthmap/0936.png
data/LR/outleft/0937.png,data/LR/depthmap/0937.png
data/LR/outleft/0938.png,data/LR/depthmap/0938.png
data/LR/outleft/0939.png,data/LR/depthmap/0939.png
data/LR/outleft/0940.png,data/LR/depthmap/0940.png
data/LR/outleft/0941.png,data/LR/depthmap/0941.png
data/LR/outleft/0942.png,data/LR/depthmap/0942.png
data/LR/outleft/0943.png,data/LR/depthmap/0943.png
data/LR/outleft/0944.png,data/LR/depthmap/0944.png
data/LR/outleft/0945.png,data/LR/depthmap/0945.png
data/LR/outleft/0946.png,data/LR/depthmap/0946.png
data/LR/outleft/0947.png,data/LR/depthmap/0947.png
data/LR/outleft/0948.png,data/LR/depthmap/0948.png
data/LR/outleft/0949.png,data/LR/depthmap/0949.png
data/LR/outleft/0950.png,data/LR/depthmap/0950.png
data/LR/outleft/0951.png,data/LR/depthmap/0951.png
data/LR/outleft/0952.png,data/LR/depthmap/0952.png
data/LR/outleft/0953.png,data/LR/depthmap/0953.png
data/LR/outleft/0954.png,data/LR/depthmap/0954.png
data/LR/outleft/0955.png,data/LR/depthmap/0955.png
data/LR/outleft/0956.png,data/LR/depthmap/0956.png
data/LR/outleft/0957.png,data/LR/depthmap/0957.png
data/LR/outleft/0958.png,data/LR/depthmap/0958.png
data/LR/outleft/0959.png,data/LR/depthmap/0959.png
data/LR/outleft/0960.png,data/LR/depthmap/0960.png
data/LR/outleft/0961.png,data/LR/depthmap/0961.png
data/LR/outleft/0962.png,data/LR/depthmap/0962.png
data/LR/outleft/0963.png,data/LR/depthmap/0963.png
data/LR/outleft/0964.png,data/LR/depthmap/0964.png
data/LR/outleft/0965.png,data/LR/depthmap/0965.png
data/LR/outleft/0966.png,data/LR/depthmap/0966.png
data/LR/outleft/0967.png,data/LR/depthmap/0967.png
data/LR/outleft/0968.png,data/LR/depthmap/0968.png
data/LR/outleft/0969.png,data/LR/depthmap/0969.png
data/LR/outleft/0970.png,data/LR/depthmap/0970.png
data/LR/outleft/0971.png,data/LR/depthmap/0971.png
data/LR/outleft/0972.png,data/LR/depthmap/0972.png
data/LR/outleft/0973.png,data/LR/depthmap/0973.png
data/LR/outleft/0974.png,data/LR/depthmap/0974.png
data/LR/outleft/0975.png,data/LR/depthmap/0975.png
data/LR/outleft/0976.png,data/LR/depthmap/0976.png
data/LR/outleft/0977.png,data/LR/depthmap/0977.png
data/LR/outleft/0978.png,data/LR/depthmap/0978.png
data/LR/outleft/0979.png,data/LR/depthmap/0979.png
data/LR/outleft/0980.png,data/LR/depthmap/0980.png
data/LR/outleft/0981.png,data/LR/depthmap/0981.png
data/LR/outleft/0982.png,data/LR/depthmap/0982.png
data/LR/outleft/0983.png,data/LR/depthmap/0983.png
data/LR/outleft/0984.png,data/LR/depthmap/0984.png
data/LR/outleft/0985.png,data/LR/depthmap/0985.png
data/LR/outleft/0986.png,data/LR/depthmap/0986.png
data/LR/outleft/0987.png,data/LR/depthmap/0987.png
data/LR/outleft/0988.png,data/LR/depthmap/0988.png
data/LR/outleft/0989.png,data/LR/depthmap/0989.png
data/LR/outleft/0990.png,data/LR/depthmap/0990.png
data/LR/outleft/0991.png,data/LR/depthmap/0991.png
data/LR/outleft/0992.png,data/LR/depthmap/0992.png
data/LR/outleft/0993.png,data/LR/depthmap/0993.png
data/LR/outleft/0994.png,data/LR/depthmap/0994.png
data/LR/outleft/0995.png,data/LR/depthmap/0995.png
data/LR/outleft/0996.png,data/LR/depthmap/0996.png
data/LR/outleft/0997.png,data/LR/depthmap/0997.png
data/LR/outleft/0998.png,data/LR/depthmap/0998.png
data/LR/outleft/0999.png,data/LR/depthmap/0999.png
data/LR/outleft/1000.png,data/LR/depthmap/1000.png
data/LR/outleft/1001.png,data/LR/depthmap/1001.png
data/LR/outleft/1002.png,data/LR/depthmap/1002.png
data/LR/outleft/1003.png,data/LR/depthmap/1003.png
data/LR/outleft/1004.png,data/LR/depthmap/1004.png
data/LR/outleft/1005.png,data/LR/depthmap/1005.png
data/LR/outleft/1006.png,data/LR/depthmap/1006.png
data/LR/outleft/1007.png,data/LR/depthmap/1007.png
data/LR/outleft/1008.png,data/LR/depthmap/1008.png
data/LR/outleft/1009.png,data/LR/depthmap/1009.png
data/LR/outleft/1010.png,data/LR/depthmap/1010.png
data/LR/outleft/1011.png,data/LR/depthmap/1011.png
data/LR/outleft/1012.png,data/LR/depthmap/1012.png
data/LR/outleft/1013.png,data/LR/depthmap/1013.png
data/LR/outleft/1014.png,data/LR/depthmap/1014.png
data/LR/outleft/1015.png,data/LR/depthmap/1015.png
data/LR/outleft/1016.png,data/LR/depthmap/1016.png
data/LR/outleft/1017.png,data/LR/depthmap/1017.png
data/LR/outleft/1018.png,data/LR/depthmap/1018.png
data/LR/outleft/1019.png,data/LR/depthmap/1019.png
data/LR/outleft/1020.png,data/LR/depthmap/1020.png
data/LR/outleft/1021.png,data/LR/depthmap/1021.png
data/LR/outleft/1022.png,data/LR/depthmap/1022.png
data/LR/outleft/1023.png,data/LR/depthmap/1023.png
data/LR/outleft/1024.png,data/LR/depthmap/1024.png
data/LR/outleft/1025.png,data/LR/depthmap/1025.png
data/LR/outleft/1026.png,data/LR/depthmap/1026.png
data/LR/outleft/1027.png,data/LR/depthmap/1027.png
data/LR/outleft/1028.png,data/LR/depthmap/1028.png
data/LR/outleft/1029.png,data/LR/depthmap/1029.png
data/LR/outleft/1030.png,data/LR/depthmap/1030.png
data/LR/outleft/1031.png,data/LR/depthmap/1031.png
data/LR/outleft/1032.png,data/LR/depthmap/1032.png
data/LR/outleft/1033.png,data/LR/depthmap/1033.png
data/LR/outleft/1034.png,data/LR/depthmap/1034.png
data/LR/outleft/1035.png,data/LR/depthmap/1035.png
data/LR/outleft/1036.png,data/LR/depthmap/1036.png
data/LR/outleft/1037.png,data/LR/depthmap/1037.png
data/LR/outleft/1038.png,data/LR/depthmap/1038.png
data/LR/outleft/1039.png,data/LR/depthmap/1039.png
data/LR/outleft/1040.png,data/LR/depthmap/1040.png
data/LR/outleft/1041.png,data/LR/depthmap/1041.png
data/LR/outleft/1042.png,data/LR/depthmap/1042.png
data/LR/outleft/1043.png,data/LR/depthmap/1043.png
data/LR/outleft/1044.png,data/LR/depthmap/1044.png
data/LR/outleft/1045.png,data/LR/depthmap/1045.png
data/LR/outleft/1046.png,data/LR/depthmap/1046.png
data/LR/outleft/1047.png,data/LR/depthmap/1047.png
data/LR/outleft/1048.png,data/LR/depthmap/1048.png
data/LR/outleft/1049.png,data/LR/depthmap/1049.png
data/LR/outleft/1050.png,data/LR/depthmap/1050.png
data/LR/outleft/1051.png,data/LR/depthmap/1051.png
data/LR/outleft/1052.png,data/LR/depthmap/1052.png
data/LR/outleft/1053.png,data/LR/depthmap/1053.png
data/LR/outleft/1054.png,data/LR/depthmap/1054.png
data/LR/outleft/1055.png,data/LR/depthmap/1055.png
data/LR/outleft/1056.png,data/LR/depthmap/1056.png
data/LR/outleft/1057.png,data/LR/depthmap/1057.png
data/LR/outleft/1058.png,data/LR/depthmap/1058.png
data/LR/outleft/1059.png,data/LR/depthmap/1059.png
data/LR/outleft/1060.png,data/LR/depthmap/1060.png
data/LR/outleft/1061.png,data/LR/depthmap/1061.png
data/LR/outleft/1062.png,data/LR/depthmap/1062.png
data/LR/outleft/1063.png,data/LR/depthmap/1063.png
data/LR/outleft/1064.png,data/LR/depthmap/1064.png
data/LR/outleft/1065.png,data/LR/depthmap/1065.png
data/LR/outleft/1066.png,data/LR/depthmap/1066.png
data/LR/outleft/1067.png,data/LR/depthmap/1067.png
data/LR/outleft/1068.png,data/LR/depthmap/1068.png
data/LR/outleft/1069.png,data/LR/depthmap/1069.png
data/LR/outleft/1070.png,data/LR/depthmap/1070.png
data/LR/outleft/1071.png,data/LR/depthmap/1071.png
data/LR/outleft/1072.png,data/LR/depthmap/1072.png
data/LR/outleft/1073.png,data/LR/depthmap/1073.png
data/LR/outleft/1074.png,data/LR/depthmap/1074.png
data/LR/outleft/1075.png,data/LR/depthmap/1075.png
data/LR/outleft/1076.png,data/LR/depthmap/1076.png
data/LR/outleft/1077.png,data/LR/depthmap/1077.png
data/LR/outleft/1078.png,data/LR/depthmap/1078.png
data/LR/outleft/1079.png,data/LR/depthmap/1079.png
data/LR/outleft/1080.png,data/LR/depthmap/1080.png
data/LR/outleft/1081.png,data/LR/depthmap/1081.png
data/LR/outleft/1082.png,data/LR/depthmap/1082.png
data/LR/outleft/1083.png,data/LR/depthmap/1083.png
data/LR/outleft/1084.png,data/LR/depthmap/1084.png
data/LR/outleft/1085.png,data/LR/depthmap/1085.png
data/LR/outleft/1086.png,data/LR/depthmap/1086.png
data/LR/outleft/1087.png,data/LR/depthmap/1087.png
data/LR/outleft/1088.png,data/LR/depthmap/1088.png
data/LR/outleft/1089.png,data/LR/depthmap/1089.png
data/LR/outleft/1090.png,data/LR/depthmap/1090.png
data/LR/outleft/1091.png,data/LR/depthmap/1091.png
data/LR/outleft/1092.png,data/LR/depthmap/1092.png
data/LR/outleft/1093.png,data/LR/depthmap/1093.png
data/LR/outleft/1094.png,data/LR/depthmap/1094.png
data/LR/outleft/1095.png,data/LR/depthmap/1095.png
data/LR/outleft/1096.png,data/LR/depthmap/1096.png
data/LR/outleft/1097.png,data/LR/depthmap/1097.png
data/LR/outleft/1098.png,data/LR/depthmap/1098.png
data/LR/outleft/1099.png,data/LR/depthmap/1099.png
data/LR/outleft/1100.png,data/LR/depthmap/1100.png
data/LR/outleft/1101.png,data/LR/depthmap/1101.png
data/LR/outleft/1102.png,data/LR/depthmap/1102.png
data/LR/outleft/1103.png,data/LR/depthmap/1103.png
data/LR/outleft/1104.png,data/LR/depthmap/1104.png
data/LR/outleft/1105.png,data/LR/depthmap/1105.png
data/LR/outleft/1106.png,data/LR/depthmap/1106.png
data/LR/outleft/1107.png,data/LR/depthmap/1107.png
data/LR/outleft/1108.png,data/LR/depthmap/1108.png
data/LR/outleft/1109.png,data/LR/depthmap/1109.png
data/LR/outleft/1110.png,data/LR/depthmap/1110.png
data/LR/outleft/1111.png,data/LR/depthmap/1111.png
data/LR/outleft/1112.png,data/LR/depthmap/1112.png
data/LR/outleft/1113.png,data/LR/depthmap/1113.png
data/LR/outleft/1114.png,data/LR/depthmap/1114.png
data/LR/outleft/1115.png,data/LR/depthmap/1115.png
data/LR/outleft/1116.png,data/LR/depthmap/1116.png
data/LR/outleft/1117.png,data/LR/depthmap/1117.png
data/LR/outleft/1118.png,data/LR/depthmap/1118.png
data/LR/outleft/1119.png,data/LR/depthmap/1119.png
data/LR/outleft/1120.png,data/LR/depthmap/1120.png
data/LR/outleft/1121.png,data/LR/depthmap/1121.png
data/LR/outleft/1122.png,data/LR/depthmap/1122.png
data/LR/outleft/1123.png,data/LR/depthmap/1123.png
data/LR/outleft/1124.png,data/LR/depthmap/1124.png
data/LR/outleft/1125.png,data/LR/depthmap/1125.png
data/LR/outleft/1126.png,data/LR/depthmap/1126.png
data/LR/outleft/1127.png,data/LR/depthmap/1127.png
data/LR/outleft/1128.png,data/LR/depthmap/1128.png
data/LR/outleft/1129.png,data/LR/depthmap/1129.png
data/LR/outleft/1130.png,data/LR/depthmap/1130.png
data/LR/outleft/1131.png,data/LR/depthmap/1131.png
data/LR/outleft/1132.png,data/LR/depthmap/1132.png
data/LR/outleft/1133.png,data/LR/depthmap/1133.png
data/LR/outleft/1134.png,data/LR/depthmap/1134.png
data/LR/outleft/1135.png,data/LR/depthmap/1135.png
data/LR/outleft/1136.png,data/LR/depthmap/1136.png
data/LR/outleft/1137.png,data/LR/depthmap/1137.png
data/LR/outleft/1138.png,data/LR/depthmap/1138.png
data/LR/outleft/1139.png,data/LR/depthmap/1139.png
data/LR/outleft/1140.png,data/LR/depthmap/1140.png
data/LR/outleft/1141.png,data/LR/depthmap/1141.png
data/LR/outleft/1142.png,data/LR/depthmap/1142.png
data/LR/outleft/1143.png,data/LR/depthmap/1143.png
data/LR/outleft/1144.png,data/LR/depthmap/1144.png
data/LR/outleft/1145.png,data/LR/depthmap/1145.png
data/LR/outleft/1146.png,data/LR/depthmap/1146.png
data/LR/outleft/1147.png,data/LR/depthmap/1147.png
data/LR/outleft/1148.png,data/LR/depthmap/1148.png
data/LR/outleft/1149.png,data/LR/depthmap/1149.png
data/LR/outleft/1150.png,data/LR/depthmap/1150.png
data/LR/outleft/1151.png,data/LR/depthmap/1151.png
data/LR/outleft/1152.png,data/LR/depthmap/1152.png
data/LR/outleft/1153.png,data/LR/depthmap/1153.png
data/LR/outleft/1154.png,data/LR/depthmap/1154.png
data/LR/outleft/1155.png,data/LR/depthmap/1155.png
data/LR/outleft/1156.png,data/LR/depthmap/1156.png
data/LR/outleft/1157.png,data/LR/depthmap/1157.png
data/LR/outleft/1158.png,data/LR/depthmap/1158.png
data/LR/outleft/1159.png,data/LR/depthmap/1159.png
data/LR/outleft/1160.png,data/LR/depthmap/1160.png
data/LR/outleft/1161.png,data/LR/depthmap/1161.png
data/LR/outleft/1162.png,data/LR/depthmap/1162.png
data/LR/outleft/1163.png,data/LR/depthmap/1163.png
data/LR/outleft/1164.png,data/LR/depthmap/1164.png
data/LR/outleft/1165.png,data/LR/depthmap/1165.png
data/LR/outleft/1166.png,data/LR/depthmap/1166.png
data/LR/outleft/1167.png,data/LR/depthmap/1167.png
data/LR/outleft/1168.png,data/LR/depthmap/1168.png
data/LR/outleft/1169.png,data/LR/depthmap/1169.png
data/LR/outleft/1170.png,data/LR/depthmap/1170.png
data/LR/outleft/1171.png,data/LR/depthmap/1171.png
data/LR/outleft/1172.png,data/LR/depthmap/1172.png
data/LR/outleft/1173.png,data/LR/depthmap/1173.png
data/LR/outleft/1174.png,data/LR/depthmap/1174.png
data/LR/outleft/1175.png,data/LR/depthmap/1175.png
data/LR/outleft/1176.png,data/LR/depthmap/1176.png
data/LR/outleft/1177.png,data/LR/depthmap/1177.png
data/LR/outleft/1178.png,data/LR/depthmap/1178.png
data/LR/outleft/1179.png,data/LR/depthmap/1179.png
data/LR/outleft/1180.png,data/LR/depthmap/1180.png
data/LR/outleft/1181.png,data/LR/depthmap/1181.png
data/LR/outleft/1182.png,data/LR/depthmap/1182.png
data/LR/outleft/1183.png,data/LR/depthmap/1183.png
data/LR/outleft/1184.png,data/LR/depthmap/1184.png
data/LR/outleft/1185.png,data/LR/depthmap/1185.png
data/LR/outleft/1186.png,data/LR/depthmap/1186.png
data/LR/outleft/1187.png,data/LR/depthmap/1187.png
data/LR/outleft/1188.png,data/LR/depthmap/1188.png
data/LR/outleft/1189.png,data/LR/depthmap/1189.png
data/LR/outleft/1190.png,data/LR/depthmap/1190.png
data/LR/outleft/1191.png,data/LR/depthmap/1191.png
data/LR/outleft/1192.png,data/LR/depthmap/1192.png
data/LR/outleft/1193.png,data/LR/depthmap/1193.png
data/LR/outleft/1194.png,data/LR/depthmap/1194.png
data/LR/outleft/1195.png,data/LR/depthmap/1195.png
data/LR/outleft/1196.png,data/LR/depthmap/1196.png
data/LR/outleft/1197.png,data/LR/depthmap/1197.png
data/LR/outleft/1198.png,data/LR/depthmap/1198.png
data/LR/outleft/1199.png,data/LR/depthmap/1199.png
data/LR/outleft/1200.png,data/LR/depthmap/1200.png
data/LR/outleft/1201.png,data/LR/depthmap/1201.png
data/LR/outleft/1202.png,data/LR/depthmap/1202.png
data/LR/outleft/1203.png,data/LR/depthmap/1203.png
data/LR/outleft/1204.png,data/LR/depthmap/1204.png
data/LR/outleft/1205.png,data/LR/depthmap/1205.png
data/LR/outleft/1206.png,data/LR/depthmap/1206.png
data/LR/outleft/1207.png,data/LR/depthmap/1207.png
data/LR/outleft/1208.png,data/LR/depthmap/1208.png
data/LR/outleft/1209.png,data/LR/depthmap/1209.png
data/LR/outleft/1210.png,data/LR/depthmap/1210.png
data/LR/outleft/1211.png,data/LR/depthmap/1211.png
data/LR/outleft/1212.png,data/LR/depthmap/1212.png
data/LR/outleft/1213.png,data/LR/depthmap/1213.png
data/LR/outleft/1214.png,data/LR/depthmap/1214.png
data/LR/outleft/1215.png,data/LR/depthmap/1215.png
data/LR/outleft/1216.png,data/LR/depthmap/1216.png
data/LR/outleft/1217.png,data/LR/depthmap/1217.png
data/LR/outleft/1218.png,data/LR/depthmap/1218.png
data/LR/outleft/1219.png,data/LR/depthmap/1219.png
data/LR/outleft/1220.png,data/LR/depthmap/1220.png
data/LR/outleft/1221.png,data/LR/depthmap/1221.png
data/LR/outleft/1222.png,data/LR/depthmap/1222.png
data/LR/outleft/1223.png,data/LR/depthmap/1223.png
data/LR/outleft/1224.png,data/LR/depthmap/1224.png
data/LR/outleft/1225.png,data/LR/depthmap/1225.png
data/LR/outleft/1226.png,data/LR/depthmap/1226.png
data/LR/outleft/1227.png,data/LR/depthmap/1227.png
data/LR/outleft/1228.png,data/LR/depthmap/1228.png
data/LR/outleft/1229.png,data/LR/depthmap/1229.png
data/LR/outleft/1230.png,data/LR/depthmap/1230.png
data/LR/outleft/1231.png,data/LR/depthmap/1231.png
data/LR/outleft/1232.png,data/LR/depthmap/1232.png
data/LR/outleft/1233.png,data/LR/depthmap/1233.png
data/LR/outleft/1234.png,data/LR/depthmap/1234.png
data/LR/outleft/1235.png,data/LR/depthmap/1235.png
data/LR/outleft/1236.png,data/LR/depthmap/1236.png
data/LR/outleft/1237.png,data/LR/depthmap/1237.png
data/LR/outleft/1238.png,data/LR/depthmap/1238.png
data/LR/outleft/1239.png,data/LR/depthmap/1239.png
data/LR/outleft/1240.png,data/LR/depthmap/1240.png
data/LR/outleft/1241.png,data/LR/depthmap/1241.png
data/LR/outleft/1242.png,data/LR/depthmap/1242.png
data/LR/outleft/1243.png,data/LR/depthmap/1243.png
data/LR/outleft/1244.png,data/LR/depthmap/1244.png
data/LR/outleft/1245.png,data/LR/depthmap/1245.png
data/LR/outleft/1246.png,data/LR/depthmap/1246.png
data/LR/outleft/1247.png,data/LR/depthmap/1247.png
data/LR/outleft/1248.png,data/LR/depthmap/1248.png
data/LR/outleft/1249.png,data/LR/depthmap/1249.png
data/LR/outleft/1250.png,data/LR/depthmap/1250.png
data/LR/outleft/1251.png,data/LR/depthmap/1251.png
data/LR/outleft/1252.png,data/LR/depthmap/1252.png
data/LR/outleft/1253.png,data/LR/depthmap/1253.png
data/LR/outleft/1254.png,data/LR/depthmap/1254.png
data/LR/outleft/1255.png,data/LR/depthmap/1255.png
data/LR/outleft/1256.png,data/LR/depthmap/1256.png
data/LR/outleft/1257.png,data/LR/depthmap/1257.png
data/LR/outleft/1258.png,data/LR/depthmap/1258.png
data/LR/outleft/1259.png,data/LR/depthmap/1259.png
data/LR/outleft/1260.png,data/LR/depthmap/1260.png
data/LR/outleft/1261.png,data/LR/depthmap/1261.png
data/LR/outleft/1262.png,data/LR/depthmap/1262.png
data/LR/outleft/1263.png,data/LR/depthmap/1263.png
data/LR/outleft/1264.png,data/LR/depthmap/1264.png
data/LR/outleft/1265.png,data/LR/depthmap/1265.png
data/LR/outleft/1266.png,data/LR/depthmap/1266.png
data/LR/outleft/1267.png,data/LR/depthmap/1267.png
data/LR/outleft/1268.png,data/LR/depthmap/1268.png
data/LR/outleft/1269.png,data/LR/depthmap/1269.png
data/LR/outleft/1270.png,data/LR/depthmap/1270.png
data/LR/outleft/1271.png,data/LR/depthmap/1271.png
data/LR/outleft/1272.png,data/LR/depthmap/1272.png
data/LR/outleft/1273.png,data/LR/depthmap/1273.png
data/LR/outleft/1274.png,data/LR/depthmap/1274.png
data/LR/outleft/1275.png,data/LR/depthmap/1275.png
data/LR/outleft/1276.png,data/LR/depthmap/1276.png
data/LR/outleft/1277.png,data/LR/depthmap/1277.png
data/LR/outleft/1278.png,data/LR/depthmap/1278.png
data/LR/outleft/1279.png,data/LR/depthmap/1279.png
data/LR/outleft/1280.png,data/LR/depthmap/1280.png
data/LR/outleft/1281.png,data/LR/depthmap/1281.png
data/LR/outleft/1282.png,data/LR/depthmap/1282.png
data/LR/outleft/1283.png,data/LR/depthmap/1283.png
data/LR/outleft/1284.png,data/LR/depthmap/1284.png
data/LR/outleft/1285.png,data/LR/depthmap/1285.png
data/LR/outleft/1286.png,data/LR/depthmap/1286.png
data/LR/outleft/1287.png,data/LR/depthmap/1287.png
data/LR/outleft/1288.png,data/LR/depthmap/1288.png
data/LR/outleft/1289.png,data/LR/depthmap/1289.png
data/LR/outleft/1290.png,data/LR/depthmap/1290.png
data/LR/outleft/1291.png,data/LR/depthmap/1291.png
data/LR/outleft/1292.png,data/LR/depthmap/1292.png
data/LR/outleft/1293.png,data/LR/depthmap/1293.png
data/LR/outleft/1294.png,data/LR/depthmap/1294.png
data/LR/outleft/1295.png,data/LR/depthmap/1295.png
data/LR/outleft/1296.png,data/LR/depthmap/1296.png
data/LR/outleft/1297.png,data/LR/depthmap/1297.png
data/LR/outleft/1298.png,data/LR/depthmap/1298.png
data/LR/outleft/1299.png,data/LR/depthmap/1299.png
data/LR/outleft/1300.png,data/LR/depthmap/1300.png
data/LR/outleft/1301.png,data/LR/depthmap/1301.png
data/LR/outleft/1302.png,data/LR/depthmap/1302.png
data/LR/outleft/1303.png,data/LR/depthmap/1303.png
data/LR/outleft/1304.png,data/LR/depthmap/1304.png
data/LR/outleft/1305.png,data/LR/depthmap/1305.png
data/LR/outleft/1306.png,data/LR/depthmap/1306.png
data/LR/outleft/1307.png,data/LR/depthmap/1307.png
data/LR/outleft/1308.png,data/LR/depthmap/1308.png
data/LR/outleft/1309.png,data/LR/depthmap/1309.png
data/LR/outleft/1310.png,data/LR/depthmap/1310.png
data/LR/outleft/1311.png,data/LR/depthmap/1311.png
data/LR/outleft/1312.png,data/LR/depthmap/1312.png
data/LR/outleft/1313.png,data/LR/depthmap/1313.png
data/LR/outleft/1314.png,data/LR/depthmap/1314.png
data/LR/outleft/1315.png,data/LR/depthmap/1315.png
data/LR/outleft/1316.png,data/LR/depthmap/1316.png
data/LR/outleft/1317.png,data/LR/depthmap/1317.png
data/LR/outleft/1318.png,data/LR/depthmap/1318.png
data/LR/outleft/1319.png,data/LR/depthmap/1319.png
data/LR/outleft/1320.png,data/LR/depthmap/1320.png
data/LR/outleft/1321.png,data/LR/depthmap/1321.png
data/LR/outleft/1322.png,data/LR/depthmap/1322.png
data/LR/outleft/1323.png,data/LR/depthmap/1323.png
data/LR/outleft/1324.png,data/LR/depthmap/1324.png
data/LR/outleft/1325.png,data/LR/depthmap/1325.png
data/LR/outleft/1326.png,data/LR/depthmap/1326.png
data/LR/outleft/1327.png,data/LR/depthmap/1327.png
data/LR/outleft/1328.png,data/LR/depthmap/1328.png
data/LR/outleft/1329.png,data/LR/depthmap/1329.png
data/LR/outleft/1330.png,data/LR/depthmap/1330.png
data/LR/outleft/1331.png,data/LR/depthmap/1331.png
data/LR/outleft/1332.png,data/LR/depthmap/1332.png
data/LR/outleft/1333.png,data/LR/depthmap/1333.png
data/LR/outleft/1334.png,data/LR/depthmap/1334.png
data/LR/outleft/1335.png,data/LR/depthmap/1335.png
data/LR/outleft/1336.png,data/LR/depthmap/1336.png
data/LR/outleft/1337.png,data/LR/depthmap/1337.png
data/LR/outleft/1338.png,data/LR/depthmap/1338.png
data/LR/outleft/1339.png,data/LR/depthmap/1339.png
data/LR/outleft/1340.png,data/LR/depthmap/1340.png
data/LR/outleft/1341.png,data/LR/depthmap/1341.png
data/LR/outleft/1342.png,data/LR/depthmap/1342.png
data/LR/outleft/1343.png,data/LR/depthmap/1343.png
data/LR/outleft/1344.png,data/LR/depthmap/1344.png
data/LR/outleft/1345.png,data/LR/depthmap/1345.png
data/LR/outleft/1346.png,data/LR/depthmap/1346.png
data/LR/outleft/1347.png,data/LR/depthmap/1347.png
data/LR/outleft/1348.png,data/LR/depthmap/1348.png
data/LR/outleft/1349.png,data/LR/depthmap/1349.png
data/LR/outleft/1350.png,data/LR/depthmap/1350.png
data/LR/outleft/1351.png,data/LR/depthmap/1351.png
data/LR/outleft/1352.png,data/LR/depthmap/1352.png
data/LR/outleft/1353.png,data/LR/depthmap/1353.png
data/LR/outleft/1354.png,data/LR/depthmap/1354.png
data/LR/outleft/1355.png,data/LR/depthmap/1355.png
data/LR/outleft/1356.png,data/LR/depthmap/1356.png
data/LR/outleft/1357.png,data/LR/depthmap/1357.png
data/LR/outleft/1358.png,data/LR/depthmap/1358.png
data/LR/outleft/1359.png,data/LR/depthmap/1359.png
data/LR/outleft/1360.png,data/LR/depthmap/1360.png
data/LR/outleft/1361.png,data/LR/depthmap/1361.png
data/LR/outleft/1362.png,data/LR/depthmap/1362.png
data/LR/outleft/1363.png,data/LR/depthmap/1363.png
data/LR/outleft/1364.png,data/LR/depthmap/1364.png
data/LR/outleft/1365.png,data/LR/depthmap/1365.png
data/LR/outleft/1366.png,data/LR/depthmap/1366.png
data/LR/outleft/1367.png,data/LR/depthmap/1367.png
data/LR/outleft/1368.png,data/LR/depthmap/1368.png
data/LR/outleft/1369.png,data/LR/depthmap/1369.png
data/LR/outleft/1370.png,data/LR/depthmap/1370.png
data/LR/outleft/1371.png,data/LR/depthmap/1371.png
data/LR/outleft/1372.png,data/LR/depthmap/1372.png
data/LR/outleft/1373.png,data/LR/depthmap/1373.png
data/LR/outleft/1374.png,data/LR/depthmap/1374.png
data/LR/outleft/1375.png,data/LR/depthmap/1375.png
data/LR/outleft/1376.png,data/LR/depthmap/1376.png
data/LR/outleft/1377.png,data/LR/depthmap/1377.png
data/LR/outleft/1378.png,data/LR/depthmap/1378.png
data/LR/outleft/1379.png,data/LR/depthmap/1379.png
data/LR/outleft/1380.png,data/LR/depthmap/1380.png
data/LR/outleft/1381.png,data/LR/depthmap/1381.png
data/LR/outleft/1382.png,data/LR/depthmap/1382.png
data/LR/outleft/1383.png,data/LR/depthmap/1383.png
data/LR/outleft/1384.png,data/LR/depthmap/1384.png
data/LR/outleft/1385.png,data/LR/depthmap/1385.png
data/LR/outleft/1386.png,data/LR/depthmap/1386.png
data/LR/outleft/1387.png,data/LR/depthmap/1387.png
data/LR/outleft/1388.png,data/LR/depthmap/1388.png
data/LR/outleft/1389.png,data/LR/depthmap/1389.png
data/LR/outleft/1390.png,data/LR/depthmap/1390.png
data/LR/outleft/1391.png,data/LR/depthmap/1391.png
data/LR/outleft/1392.png,data/LR/depthmap/1392.png
data/LR/outleft/1393.png,data/LR/depthmap/1393.png
data/LR/outleft/1394.png,data/LR/depthmap/1394.png
data/LR/outleft/1395.png,data/LR/depthmap/1395.png
data/LR/outleft/1396.png,data/LR/depthmap/1396.png
data/LR/outleft/1397.png,data/LR/depthmap/1397.png
data/LR/outleft/1398.png,data/LR/depthmap/1398.png
data/LR/outleft/1399.png,data/LR/depthmap/1399.png
data/LR/outleft/1400.png,data/LR/depthmap/1400.png
data/LR/outleft/1401.png,data/LR/depthmap/1401.png
data/LR/outleft/1402.png,data/LR/depthmap/1402.png
data/LR/outleft/1403.png,data/LR/depthmap/1403.png
data/LR/outleft/1404.png,data/LR/depthmap/1404.png
data/LR/outleft/1405.png,data/LR/depthmap/1405.png
data/LR/outleft/1406.png,data/LR/depthmap/1406.png
data/LR/outleft/1407.png,data/LR/depthmap/1407.png
data/LR/outleft/1408.png,data/LR/depthmap/1408.png
data/LR/outleft/1409.png,data/LR/depthmap/1409.png
data/LR/outleft/1410.png,data/LR/depthmap/1410.png
data/LR/outleft/1411.png,data/LR/depthmap/1411.png
data/LR/outleft/1412.png,data/LR/depthmap/1412.png
data/LR/outleft/1413.png,data/LR/depthmap/1413.png
data/LR/outleft/1414.png,data/LR/depthmap/1414.png
data/LR/outleft/1415.png,data/LR/depthmap/1415.png
data/LR/outleft/1416.png,data/LR/depthmap/1416.png
data/LR/outleft/1417.png,data/LR/depthmap/1417.png
data/LR/outleft/1418.png,data/LR/depthmap/1418.png
data/LR/outleft/1419.png,data/LR/depthmap/1419.png
data/LR/outleft/1420.png,data/LR/depthmap/1420.png
data/LR/outleft/1421.png,data/LR/depthmap/1421.png
data/LR/outleft/1422.png,data/LR/depthmap/1422.png
data/LR/outleft/1423.png,data/LR/depthmap/1423.png
data/LR/outleft/1424.png,data/LR/depthmap/1424.png
data/LR/outleft/1425.png,data/LR/depthmap/1425.png
data/LR/outleft/1426.png,data/LR/depthmap/1426.png
data/LR/outleft/1427.png,data/LR/depthmap/1427.png
data/LR/outleft/1428.png,data/LR/depthmap/1428.png
data/LR/outleft/1429.png,data/LR/depthmap/1429.png
data/LR/outleft/1430.png,data/LR/depthmap/1430.png
data/LR/outleft/1431.png,data/LR/depthmap/1431.png
data/LR/outleft/1432.png,data/LR/depthmap/1432.png
data/LR/outleft/1433.png,data/LR/depthmap/1433.png
data/LR/outleft/1434.png,data/LR/depthmap/1434.png
data/LR/outleft/1435.png,data/LR/depthmap/1435.png
data/LR/outleft/1436.png,data/LR/depthmap/1436.png
data/LR/outleft/1437.png,data/LR/depthmap/1437.png
data/LR/outleft/1438.png,data/LR/depthmap/1438.png
data/LR/outleft/1439.png,data/LR/depthmap/1439.png
data/LR/outleft/1440.png,data/LR/depthmap/1440.png
data/LR/outleft/1441.png,data/LR/depthmap/1441.png
data/LR/outleft/1442.png,data/LR/depthmap/1442.png
data/LR/outleft/1443.png,data/LR/depthmap/1443.png
data/LR/outleft/1444.png,data/LR/depthmap/1444.png
data/LR/outleft/1445.png,data/LR/depthmap/1445.png
data/LR/outleft/1446.png,data/LR/depthmap/1446.png
data/LR/outleft/1447.png,data/LR/depthmap/1447.png
data/LR/outleft/1448.png,data/LR/depthmap/1448.png
data/LR/outleft/1449.png,data/LR/depthmap/1449.png
data/LR/outleft/1450.png,data/LR/depthmap/1450.png
data/LR/outleft/1451.png,data/LR/depthmap/1451.png
data/LR/outleft/1452.png,data/LR/depthmap/1452.png
data/LR/outleft/1453.png,data/LR/depthmap/1453.png
data/LR/outleft/1454.png,data/LR/depthmap/1454.png
data/LR/outleft/1455.png,data/LR/depthmap/1455.png
data/LR/outleft/1456.png,data/LR/depthmap/1456.png
data/LR/outleft/1457.png,data/LR/depthmap/1457.png
data/LR/outleft/1458.png,data/LR/depthmap/1458.png
data/LR/outleft/1459.png,data/LR/depthmap/1459.png
data/LR/outleft/1460.png,data/LR/depthmap/1460.png
data/LR/outleft/1461.png,data/LR/depthmap/1461.png
data/LR/outleft/1462.png,data/LR/depthmap/1462.png
data/LR/outleft/1463.png,data/LR/depthmap/1463.png
data/LR/outleft/1464.png,data/LR/depthmap/1464.png
data/LR/outleft/1465.png,data/LR/depthmap/1465.png
data/LR/outleft/1466.png,data/LR/depthmap/1466.png
data/LR/outleft/1467.png,data/LR/depthmap/1467.png
data/LR/outleft/1468.png,data/LR/depthmap/1468.png
data/LR/outleft/1469.png,data/LR/depthmap/1469.png
data/LR/outleft/1470.png,data/LR/depthmap/1470.png
data/LR/outleft/1471.png,data/LR/depthmap/1471.png
data/LR/outleft/1472.png,data/LR/depthmap/1472.png
data/LR/outleft/1473.png,data/LR/depthmap/1473.png
data/LR/outleft/1474.png,data/LR/depthmap/1474.png
data/LR/outleft/1475.png,data/LR/depthmap/1475.png
data/LR/outleft/1476.png,data/LR/depthmap/1476.png
data/LR/outleft/1477.png,data/LR/depthmap/1477.png
data/LR/outleft/1478.png,data/LR/depthmap/1478.png
data/LR/outleft/1479.png,data/LR/depthmap/1479.png
data/LR/outleft/1480.png,data/LR/depthmap/1480.png
data/LR/outleft/1481.png,data/LR/depthmap/1481.png
data/LR/outleft/1482.png,data/LR/depthmap/1482.png
data/LR/outleft/1483.png,data/LR/depthmap/1483.png
data/LR/outleft/1484.png,data/LR/depthmap/1484.png
data/LR/outleft/1485.png,data/LR/depthmap/1485.png
data/LR/outleft/1486.png,data/LR/depthmap/1486.png
data/LR/outleft/1487.png,data/LR/depthmap/1487.png
data/LR/outleft/1488.png,data/LR/depthmap/1488.png
data/LR/outleft/1489.png,data/LR/depthmap/1489.png
data/LR/outleft/1490.png,data/LR/depthmap/1490.png
data/LR/outleft/1491.png,data/LR/depthmap/1491.png
data/LR/outleft/1492.png,data/LR/depthmap/1492.png
data/LR/outleft/1493.png,data/LR/depthmap/1493.png
data/LR/outleft/1494.png,data/LR/depthmap/1494.png
data/LR/outleft/1495.png,data/LR/depthmap/1495.png
data/LR/outleft/1496.png,data/LR/depthmap/1496.png
data/LR/outleft/1497.png,data/LR/depthmap/1497.png
data/LR/outleft/1498.png,data/LR/depthmap/1498.png
data/LR/outleft/1499.png,data/LR/depthmap/1499.png
